5GS6:A,BAX00477,93.557,357,9,7,2,344,796,1152,0.0,676,94.12
5GS6:A,BAX00477,90.598,351,6,11,344,667,796,1146,0.0,620,91.17
5GS6:A,AQS26828,93.557,357,9,7,2,344,796,1152,0.0,674,94.12
5GS6:A,AQS26828,90.883,351,5,11,344,667,796,1146,0.0,622,91.45
5GS6:A,AOY08517,93.557,357,9,7,2,344,796,1152,0.0,674,94.12
5GS6:A,AOY08517,90.883,351,5,11,344,667,796,1146,0.0,622,91.45
5GS6:A,AOY08541,93.557,357,9,7,2,344,796,1152,0.0,674,94.12
5GS6:A,AOY08541,90.883,351,5,11,344,667,796,1146,0.0,622,91.45
5GS6:A,AVV62004,93.557,357,9,7,2,344,796,1152,0.0,674,94.12
5GS6:A,AVV62004,90.883,351,5,11,344,667,796,1146,0.0,622,91.45
5GS6:A,ALL27019,93.557,357,9,7,2,344,798,1154,0.0,674,94.12
5GS6:A,ALL27019,90.883,351,5,11,344,667,798,1148,0.0,622,91.45
5GS6:A,AQS26806,93.557,357,9,7,2,344,796,1152,0.0,674,94.12
5GS6:A,AQS26806,90.883,351,5,11,344,667,796,1146,0.0,622,91.45
5GS6:A,AOY08522,93.557,357,9,7,2,344,796,1152,0.0,674,94.12
5GS6:A,AOY08522,90.883,351,5,11,344,667,796,1146,0.0,622,91.45
5GS6:A,AQX32988,93.557,357,9,7,2,344,796,1152,0.0,674,94.12
5GS6:A,AQX32988,90.883,351,5,11,344,667,796,1146,0.0,622,91.45
5GS6:A,AMK49165,93.557,357,9,7,2,344,796,1152,0.0,674,94.12
5GS6:A,AMK49165,90.883,351,5,11,344,667,796,1146,0.0,622,91.45
5GS6:A,AOC50652,93.557,357,9,7,2,344,796,1152,0.0,674,94.12
5GS6:A,AOC50652,90.883,351,5,11,344,667,796,1146,0.0,622,91.45
5GS6:A,AOY08538,93.557,357,9,7,2,344,796,1152,0.0,674,94.12
5GS6:A,AOY08538,90.883,351,5,11,344,667,796,1146,0.0,622,91.45
5GS6:A,AOI20067,93.557,357,9,7,2,344,796,1152,0.0,674,94.12
5GS6:A,AOI20067,90.883,351,5,11,344,667,796,1146,0.0,622,91.45
5GS6:A,ANO46306,93.557,357,9,7,2,344,796,1152,0.0,674,94.12
5GS6:A,ANO46306,90.883,351,5,11,344,667,796,1146,0.0,622,91.45
5GS6:A,APH11610,93.557,357,9,7,2,344,796,1152,0.0,674,94.12
5GS6:A,APH11610,90.883,351,5,11,344,667,796,1146,0.0,622,91.45
5GS6:A,AOX49264,93.557,357,9,7,2,344,796,1152,0.0,674,94.12
5GS6:A,AOX49264,90.883,351,5,11,344,667,796,1146,0.0,622,91.45
5GS6:A,AML81028,93.557,357,9,7,2,344,796,1152,0.0,674,94.12
5GS6:A,AML81028,90.883,351,5,11,344,667,796,1146,0.0,622,91.45
5GS6:A,AMR39831,93.557,357,9,7,2,344,796,1152,0.0,674,94.12
5GS6:A,AMR39831,90.883,351,5,11,344,667,796,1146,0.0,622,91.45
5GS6:A,ARU07074,93.557,357,9,7,2,344,796,1152,0.0,674,94.12
5GS6:A,ARU07074,90.883,351,5,11,344,667,796,1146,0.0,622,91.45
5GS6:A,APR74597,93.557,357,9,7,2,344,796,1152,0.0,674,94.12
5GS6:A,APR74597,90.883,351,5,11,344,667,796,1146,0.0,622,91.45
5GS6:A,AOG18295,93.557,357,9,7,2,344,796,1152,0.0,674,94.12
5GS6:A,AOG18295,90.883,351,5,11,344,667,796,1146,0.0,622,91.45
5GS6:A,AMZ03556,93.557,357,9,7,2,344,796,1152,0.0,674,94.12
5GS6:A,AMZ03556,90.883,351,5,11,344,667,796,1146,0.0,622,91.45
5GS6:A,ANW07476,93.557,357,9,7,2,344,796,1152,0.0,674,94.12
5GS6:A,ANW07476,90.883,351,5,11,344,667,796,1146,0.0,622,91.45
5GS6:A,APB03019,93.557,357,9,7,2,344,796,1152,0.0,674,94.12
5GS6:A,APB03019,90.883,351,5,11,344,667,796,1146,0.0,622,91.45
5GS6:A,ARX97119,93.557,357,9,7,2,344,796,1152,0.0,674,94.12
5GS6:A,ARX97119,90.883,351,5,11,344,667,796,1146,0.0,622,91.45
5GS6:A,AQS26808,93.557,357,9,7,2,344,796,1152,0.0,674,94.12
5GS6:A,AQS26808,90.883,351,5,11,344,667,796,1146,0.0,622,91.45
5GS6:A,ANO46308,93.557,357,9,7,2,344,796,1152,0.0,674,94.12
5GS6:A,ANO46308,90.883,351,5,11,344,667,796,1146,0.0,622,91.45
5GS6:A,AMM43326,93.557,357,9,7,2,344,796,1152,0.0,674,94.12
5GS6:A,AMM43326,90.883,351,5,11,344,667,796,1146,0.0,622,91.45
5GS6:A,ASU55416,93.557,357,9,7,2,344,796,1152,0.0,674,94.12
5GS6:A,ASU55416,90.883,351,5,11,344,667,796,1146,0.0,622,91.45
5GS6:A,AMB37295,93.557,357,9,7,2,344,796,1152,0.0,674,94.12
5GS6:A,AMB37295,90.883,351,5,11,344,667,796,1146,0.0,622,91.45
5GS6:A,AMA12085,93.557,357,9,7,2,344,796,1152,0.0,674,94.12
5GS6:A,AMA12085,90.883,351,5,11,344,667,796,1146,0.0,622,91.45
5GS6:A,ARB07976,93.557,357,9,7,2,344,796,1152,0.0,674,94.12
5GS6:A,ARB07976,90.883,351,5,11,344,667,796,1146,0.0,622,91.45
5GS6:A,APB03018,93.557,357,9,7,2,344,796,1152,0.0,674,94.12
5GS6:A,APB03018,90.883,351,5,11,344,667,796,1146,0.0,622,91.45
5GS6:A,AQS26814,93.557,357,9,7,2,344,796,1152,0.0,674,94.12
5GS6:A,AQS26814,90.883,351,5,11,344,667,796,1146,0.0,622,91.45
5GS6:A,AMX81918,93.557,357,9,7,2,344,796,1152,0.0,674,94.12
5GS6:A,AMX81918,90.883,351,5,11,344,667,796,1146,0.0,622,91.45
5GS6:A,ALX35659,93.557,357,9,7,2,344,796,1152,0.0,674,94.12
5GS6:A,ALX35659,90.883,351,5,11,344,667,796,1146,0.0,622,91.45
5GS6:A,ARB07967,93.557,357,9,7,2,344,796,1152,0.0,674,94.12
5GS6:A,ARB07967,90.883,351,5,11,344,667,796,1146,0.0,622,91.45
5GS6:A,AMH87239,93.557,357,9,7,2,344,796,1152,0.0,674,94.12
5GS6:A,AMH87239,90.883,351,5,11,344,667,796,1146,0.0,622,91.45
5GS6:A,ANO46305,93.557,357,9,7,2,344,796,1152,0.0,674,94.12
5GS6:A,ANO46305,90.883,351,5,11,344,667,796,1146,0.0,622,91.45
5GS6:A,AMA12084,93.557,357,9,7,2,344,796,1152,0.0,674,94.12
5GS6:A,AMA12084,90.883,351,5,11,344,667,796,1146,0.0,622,91.45
5GS6:A,AMM39805,93.557,357,9,7,2,344,796,1152,0.0,674,94.12
5GS6:A,AMM39805,90.883,351,5,11,344,667,796,1146,0.0,622,91.45
5GS6:A,AMX81915,93.557,357,9,7,2,344,796,1152,0.0,674,94.12
5GS6:A,AMX81915,90.883,351,5,11,344,667,796,1146,0.0,622,91.45
5GS6:A,AMK79468,93.557,357,9,7,2,344,796,1152,0.0,674,94.12
5GS6:A,AMK79468,90.883,351,5,11,344,667,796,1146,0.0,622,91.45
5GS6:A,ARB07991,93.557,357,9,7,2,344,796,1152,0.0,674,94.12
5GS6:A,ARB07991,90.883,351,5,11,344,667,796,1146,0.0,622,91.45
5GS6:A,ANO46309,93.557,357,9,7,2,344,796,1152,0.0,674,94.12
5GS6:A,ANO46309,90.883,351,5,11,344,667,796,1146,0.0,622,91.45
5GS6:A,ANO46307,93.557,357,9,7,2,344,796,1152,0.0,674,94.12
5GS6:A,ANO46307,90.883,351,5,11,344,667,796,1146,0.0,622,91.45
5GS6:A,BBC70847,93.557,357,9,7,2,344,796,1152,0.0,674,94.12
5GS6:A,BBC70847,90.883,351,5,11,344,667,796,1146,0.0,622,91.45
5GS6:A,AMX81919,93.557,357,9,7,2,344,796,1152,0.0,674,94.12
5GS6:A,AMX81919,90.883,351,5,11,344,667,796,1146,0.0,622,91.45
5GS6:A,ASU55417,93.557,357,9,7,2,344,796,1152,0.0,674,94.12
5GS6:A,ASU55417,90.883,351,5,11,344,667,796,1146,0.0,622,91.45
5GS6:A,AMQ48981,93.557,357,9,7,2,344,796,1152,0.0,674,94.12
5GS6:A,AMQ48981,90.883,351,5,11,344,667,796,1146,0.0,622,91.45
5GS6:A,ALU33341,93.557,357,9,7,2,344,796,1152,0.0,674,94.12
5GS6:A,ALU33341,90.883,351,5,11,344,667,796,1146,0.0,622,91.45
5GS6:A,ANO46302,93.557,357,9,7,2,344,796,1152,0.0,674,94.12
5GS6:A,ANO46302,90.883,351,5,11,344,667,796,1146,0.0,622,91.45
5GS6:A,AMC13911,93.557,357,9,7,2,344,796,1152,0.0,674,94.12
5GS6:A,AMC13911,90.883,351,5,11,344,667,796,1146,0.0,622,91.45
5GS6:A,AXF50016,93.557,357,9,7,2,344,796,1152,0.0,674,94.12
5GS6:A,AXF50016,90.883,351,5,11,344,667,796,1146,0.0,622,91.45
5GS6:A,ANO46304,93.557,357,9,7,2,344,796,1152,0.0,674,94.12
5GS6:A,ANO46304,90.883,351,5,11,344,667,796,1146,0.0,622,91.45
5GS6:A,AHZ13508,93.557,357,9,7,2,344,796,1152,0.0,674,94.12
5GS6:A,AHZ13508,90.883,351,5,11,344,667,796,1146,0.0,622,91.45
5GS6:A,AML82110,93.557,357,9,7,2,344,796,1152,0.0,674,94.12
5GS6:A,AML82110,90.883,351,5,11,344,667,796,1146,0.0,622,91.45
5GS6:A,AMA12087,93.557,357,9,7,2,344,796,1152,0.0,674,94.12
5GS6:A,AMA12087,90.883,351,5,11,344,667,796,1146,0.0,622,91.45
5GS6:A,ARB08102,93.557,357,9,7,2,344,796,1152,0.0,674,94.12
5GS6:A,ARB08102,90.883,351,5,11,344,667,796,1146,0.0,622,91.45
5GS6:A,AOY08528,93.557,357,9,7,2,344,796,1152,0.0,674,94.12
5GS6:A,AOY08528,90.883,351,5,11,344,667,796,1146,0.0,622,91.45
5GS6:A,ANO46301,93.557,357,9,7,2,344,796,1152,0.0,674,94.12
5GS6:A,ANO46301,90.883,351,5,11,344,667,796,1146,0.0,622,91.45
5GS6:A,ARB07945,93.557,357,9,7,2,344,796,1152,0.0,674,94.12
5GS6:A,ARB07945,90.883,351,5,11,344,667,796,1146,0.0,622,91.45
5GS6:A,APY24200,93.557,357,9,7,2,344,796,1152,0.0,674,94.12
5GS6:A,APY24200,90.883,351,5,11,344,667,796,1146,0.0,622,91.45
5GS6:A,APY24199,93.557,357,9,7,2,344,796,1152,0.0,674,94.12
5GS6:A,APY24199,90.883,351,5,11,344,667,796,1146,0.0,622,91.45
5GS6:A,AMD16557,93.557,357,9,7,2,344,796,1152,0.0,674,94.12
5GS6:A,AMD16557,90.883,351,5,11,344,667,796,1146,0.0,622,91.45
5GS6:A,AMA12086,93.557,357,9,7,2,344,796,1152,0.0,674,94.12
5GS6:A,AMA12086,90.883,351,5,11,344,667,796,1146,0.0,622,91.45
5GS6:A,AQU12485,93.557,357,9,7,2,344,796,1152,0.0,674,94.12
5GS6:A,AQU12485,90.883,351,5,11,344,667,796,1146,0.0,622,91.45
5GS6:A,ANQ92019,93.557,357,9,7,2,344,796,1152,0.0,673,94.12
5GS6:A,ANQ92019,90.883,351,5,11,344,667,796,1146,0.0,621,91.45
5GS6:A,APG56458,93.277,357,10,7,2,344,796,1152,0.0,673,94.12
5GS6:A,APG56458,90.598,351,6,11,344,667,796,1146,0.0,621,91.45
5GS6:A,AMK49492,93.277,357,10,7,2,344,796,1152,0.0,673,94.12
5GS6:A,AMK49492,90.598,351,6,11,344,667,796,1146,0.0,621,91.45
5GS6:A,AMQ76465,93.557,357,9,7,2,344,796,1152,0.0,673,94.12
5GS6:A,AMQ76465,90.883,351,5,11,344,667,796,1146,0.0,621,91.45
5GS6:A,APO08504,93.557,357,9,7,2,344,796,1152,0.0,673,94.12
5GS6:A,APO08504,90.883,351,5,11,344,667,796,1146,0.0,622,91.45
5GS6:A,AMX81917,93.557,357,9,7,2,344,796,1152,0.0,673,94.12
5GS6:A,AMX81917,90.883,351,5,11,344,667,796,1146,0.0,622,91.45
5GS6:A,ARB07941,93.557,357,9,7,2,344,796,1152,0.0,673,94.12
5GS6:A,ARB07941,90.883,351,5,11,344,667,796,1146,0.0,621,91.45
5GS6:A,APH11611,93.277,357,10,7,2,344,796,1152,0.0,673,94.12
5GS6:A,APH11611,90.598,351,6,11,344,667,796,1146,0.0,621,91.45
5GS6:A,APG56499,93.277,357,10,7,2,344,796,1152,0.0,673,94.12
5GS6:A,APG56499,90.598,351,6,11,344,667,796,1146,0.0,621,91.45
5GS6:A,AVZ47169,93.277,357,10,7,2,344,796,1152,0.0,673,94.12
5GS6:A,AVZ47169,90.598,351,6,11,344,667,796,1146,0.0,621,91.45
5GS6:A,AMX81916,93.277,357,10,7,2,344,796,1152,0.0,673,94.12
5GS6:A,AMX81916,90.598,351,6,11,344,667,796,1146,0.0,621,91.45
5GS6:A,AQS26698,93.277,357,10,7,2,344,792,1148,0.0,673,94.12
5GS6:A,AQS26698,90.598,351,6,11,344,667,792,1142,0.0,621,91.45
5GS6:A,AXY03803,93.557,357,9,7,2,344,796,1152,0.0,673,94.12
5GS6:A,AXY03803,90.883,351,5,11,344,667,796,1146,0.0,621,91.45
5GS6:A,AOO54270,93.277,357,10,7,2,344,796,1152,0.0,672,94.12
5GS6:A,AOO54270,90.598,351,6,11,344,667,796,1146,0.0,620,91.45
5GS6:A,AQS26816,93.277,357,10,7,2,344,796,1152,0.0,672,93.84
5GS6:A,AQS26816,90.598,351,6,11,344,667,796,1146,0.0,620,91.17
5GS6:A,APH11595,93.277,357,10,7,2,344,796,1152,0.0,672,93.84
5GS6:A,APH11595,90.598,351,6,11,344,667,796,1146,0.0,620,91.17
5GS6:A,APH11581,93.277,357,10,7,2,344,796,1152,0.0,672,93.84
5GS6:A,APH11581,90.598,351,6,11,344,667,796,1146,0.0,620,91.17
5GS6:A,APH11512,93.277,357,10,7,2,344,796,1152,0.0,672,93.84
5GS6:A,APH11512,90.598,351,6,11,344,667,796,1146,0.0,620,91.17
5GS6:A,APH11515,93.277,357,10,7,2,344,796,1152,0.0,672,93.84
5GS6:A,APH11515,90.598,351,6,11,344,667,796,1146,0.0,620,91.17
5GS6:A,APH11573,93.277,357,10,7,2,344,796,1152,0.0,672,93.84
5GS6:A,APH11573,90.598,351,6,11,344,667,796,1146,0.0,620,91.17
5GS6:A,AOY08526,93.277,357,10,7,2,344,796,1152,0.0,672,94.12
5GS6:A,AOY08526,90.598,351,6,11,344,667,796,1146,0.0,620,91.45
5GS6:A,APH11514,93.277,357,10,7,2,344,796,1152,0.0,672,93.84
5GS6:A,APH11514,90.598,351,6,11,344,667,796,1146,0.0,620,91.17
5GS6:A,AND01116,93.277,357,10,7,2,344,796,1152,0.0,672,94.12
5GS6:A,AND01116,90.598,351,6,11,344,667,796,1146,0.0,620,91.45
5GS6:A,APH11511,93.277,357,10,7,2,344,796,1152,0.0,672,93.84
5GS6:A,APH11511,90.598,351,6,11,344,667,796,1146,0.0,620,91.17
5GS6:A,APH11552,93.277,357,10,7,2,344,796,1152,0.0,672,93.84
5GS6:A,APH11552,90.598,351,6,11,344,667,796,1146,0.0,620,91.17
5GS6:A,APH11516,93.277,357,10,7,2,344,796,1152,0.0,672,93.84
5GS6:A,APH11516,90.598,351,6,11,344,667,796,1146,0.0,620,91.17
5GS6:A,APH11522,93.277,357,10,7,2,344,796,1152,0.0,672,93.84
5GS6:A,APH11522,90.598,351,6,11,344,667,796,1146,0.0,620,91.17
5GS6:A,APH11510,93.277,357,10,7,2,344,796,1152,0.0,672,93.84
5GS6:A,APH11510,90.598,351,6,11,344,667,796,1146,0.0,620,91.17
5GS6:A,APH11508,93.277,357,10,7,2,344,796,1152,0.0,672,93.84
5GS6:A,APH11508,90.598,351,6,11,344,667,796,1146,0.0,620,91.17
5GS6:A,ASW34302,93.277,357,10,7,2,344,796,1152,0.0,672,94.12
5GS6:A,ASW34302,90.598,351,6,11,344,667,796,1146,0.0,621,91.45
5GS6:A,APH11502,93.277,357,10,7,2,344,796,1152,0.0,672,93.84
5GS6:A,APH11502,90.598,351,6,11,344,667,796,1146,0.0,620,91.17
5GS6:A,APH11536,93.277,357,10,7,2,344,796,1152,0.0,672,93.84
5GS6:A,APH11536,90.598,351,6,11,344,667,796,1146,0.0,621,91.17
5GS6:A,APH11547,93.277,357,10,7,2,344,796,1152,0.0,672,93.84
5GS6:A,APH11547,90.598,351,6,11,344,667,796,1146,0.0,620,91.17
5GS6:A,APH11509,93.277,357,10,7,2,344,796,1152,0.0,672,93.84
5GS6:A,APH11509,90.598,351,6,11,344,667,796,1146,0.0,620,91.17
5GS6:A,AOO19565,93.277,357,10,7,2,344,796,1152,0.0,672,93.84
5GS6:A,AOO19565,90.598,351,6,11,344,667,796,1146,0.0,620,91.17
5GS6:A,APH11518,93.277,357,10,7,2,344,796,1152,0.0,672,93.84
5GS6:A,APH11518,90.598,351,6,11,344,667,796,1146,0.0,620,91.17
5GS6:A,APH11501,93.277,357,10,7,2,344,796,1152,0.0,672,93.84
5GS6:A,APH11501,90.598,351,6,11,344,667,796,1146,0.0,620,91.17
5GS6:A,ART29826,93.277,357,10,7,2,344,796,1152,0.0,672,94.12
5GS6:A,ART29826,90.598,351,6,11,344,667,796,1146,0.0,620,91.45
5GS6:A,APH11565,93.277,357,10,7,2,344,796,1152,0.0,672,93.84
5GS6:A,APH11565,90.598,351,6,11,344,667,796,1146,0.0,620,91.17
5GS6:A,APH11575,93.277,357,10,7,2,344,796,1152,0.0,672,93.84
5GS6:A,APH11575,90.598,351,6,11,344,667,796,1146,0.0,620,91.17
5GS6:A,APH11531,93.277,357,10,7,2,344,796,1152,0.0,672,93.84
5GS6:A,APH11531,90.598,351,6,11,344,667,796,1146,0.0,620,91.17
5GS6:A,AOY08542,93.277,357,10,7,2,344,796,1152,0.0,672,94.12
5GS6:A,AOY08542,90.598,351,6,11,344,667,796,1146,0.0,620,91.45
5GS6:A,AFD30972,93.277,357,10,7,2,344,796,1152,0.0,672,93.84
5GS6:A,AFD30972,90.598,351,6,11,344,667,796,1146,0.0,620,91.17
5GS6:A,ATG29270,93.277,357,10,7,2,344,796,1152,0.0,672,93.84
5GS6:A,ATG29270,90.598,351,6,11,344,667,796,1146,0.0,620,91.17
5GS6:A,APH11546,93.277,357,10,7,2,344,796,1152,0.0,672,93.84
5GS6:A,APH11546,90.598,351,6,11,344,667,796,1146,0.0,620,91.17
5GS6:A,AVZ25032,93.277,357,10,7,2,344,796,1152,0.0,672,94.12
5GS6:A,AVZ25032,90.598,351,6,11,344,667,796,1146,0.0,620,91.45
5GS6:A,APH11557,93.277,357,10,7,2,344,796,1152,0.0,672,93.84
5GS6:A,APH11557,90.598,351,6,11,344,667,796,1146,0.0,620,91.17
5GS6:A,APH11551,93.277,357,10,7,2,344,796,1152,0.0,672,93.84
5GS6:A,APH11551,90.598,351,6,11,344,667,796,1146,0.0,620,91.17
5GS6:A,APH11497,93.277,357,10,7,2,344,796,1152,0.0,672,93.84
5GS6:A,APH11497,90.598,351,6,11,344,667,796,1146,0.0,620,91.17
5GS6:A,APH11548,93.277,357,10,7,2,344,796,1152,0.0,672,93.84
5GS6:A,APH11548,90.598,351,6,11,344,667,796,1146,0.0,620,91.17
5GS6:A,APH11568,93.277,357,10,7,2,344,796,1152,0.0,672,93.84
5GS6:A,APH11568,90.598,351,6,11,344,667,796,1146,0.0,620,91.17
5GS6:A,APH11555,93.277,357,10,7,2,344,796,1152,0.0,672,93.84
5GS6:A,APH11555,90.598,351,6,11,344,667,796,1146,0.0,620,91.17
5GS6:A,APH11592,93.277,357,10,7,2,344,796,1152,0.0,672,93.84
5GS6:A,APH11592,90.598,351,6,11,344,667,796,1146,0.0,620,91.17
5GS6:A,APH11583,93.277,357,10,7,2,344,796,1152,0.0,672,93.84
5GS6:A,APH11583,90.598,351,6,11,344,667,796,1146,0.0,620,91.17
5GS6:A,APH11532,93.277,357,10,7,2,344,796,1152,0.0,672,93.84
5GS6:A,APH11532,90.598,351,6,11,344,667,796,1146,0.0,620,91.17
5GS6:A,APH11540,93.277,357,10,7,2,344,796,1152,0.0,672,93.84
5GS6:A,APH11540,90.598,351,6,11,344,667,796,1146,0.0,620,91.17
5GS6:A,APH11570,93.277,357,10,7,2,344,796,1152,0.0,672,93.84
5GS6:A,APH11570,90.598,351,6,11,344,667,796,1146,0.0,620,91.17
5GS6:A,APH11525,93.277,357,10,7,2,344,796,1152,0.0,672,93.84
5GS6:A,APH11525,90.598,351,6,11,344,667,796,1146,0.0,620,91.17
5GS6:A,APH11590,93.277,357,10,7,2,344,796,1152,0.0,672,93.84
5GS6:A,APH11590,90.598,351,6,11,344,667,796,1146,0.0,620,91.17
5GS6:A,APH11549,93.277,357,10,7,2,344,796,1152,0.0,672,93.84
5GS6:A,APH11549,90.598,351,6,11,344,667,796,1146,0.0,620,91.17
5GS6:A,APH11534,93.277,357,10,7,2,344,796,1152,0.0,672,93.84
5GS6:A,APH11534,90.598,351,6,11,344,667,796,1146,0.0,620,91.17
5GS6:A,APH11560,93.277,357,10,7,2,344,796,1152,0.0,672,93.84
5GS6:A,APH11560,90.598,351,6,11,344,667,796,1146,0.0,620,91.17
5GS6:A,APH11498,93.277,357,10,7,2,344,796,1152,0.0,672,93.84
5GS6:A,APH11498,90.598,351,6,11,344,667,796,1146,0.0,620,91.17
5GS6:A,AVG19203,93.277,357,10,7,2,344,796,1152,0.0,672,93.84
5GS6:A,AVG19203,90.598,351,6,11,344,667,796,1146,0.0,620,91.17
5GS6:A,APH11554,93.277,357,10,7,2,344,796,1152,0.0,672,93.84
5GS6:A,APH11554,90.598,351,6,11,344,667,796,1146,0.0,620,91.17
5GS6:A,APH11563,93.277,357,10,7,2,344,796,1152,0.0,672,93.84
5GS6:A,APH11563,90.598,351,6,11,344,667,796,1146,0.0,620,91.17
5GS6:A,APH11503,93.277,357,10,7,2,344,796,1152,0.0,672,93.84
5GS6:A,APH11503,90.598,351,6,11,344,667,796,1146,0.0,620,91.17
5GS6:A,AQM74762,93.277,357,10,7,2,344,796,1152,0.0,672,93.84
5GS6:A,AQM74762,90.598,351,6,11,344,667,796,1146,0.0,620,91.17
5GS6:A,APH11585,93.277,357,10,7,2,344,796,1152,0.0,672,93.84
5GS6:A,APH11585,90.598,351,6,11,344,667,796,1146,0.0,620,91.17
5GS6:A,APH11528,93.277,357,10,7,2,344,796,1152,0.0,672,93.84
5GS6:A,APH11528,90.598,351,6,11,344,667,796,1146,0.0,620,91.17
5GS6:A,ARU07076,93.277,357,10,7,2,344,796,1152,0.0,672,94.12
5GS6:A,ARU07076,90.598,351,6,11,344,667,796,1146,0.0,620,91.45
5GS6:A,APH11539,93.277,357,10,7,2,344,796,1152,0.0,672,93.84
5GS6:A,APH11539,90.598,351,6,11,344,667,796,1146,0.0,620,91.17
5GS6:A,APH11537,93.277,357,10,7,2,344,796,1152,0.0,672,93.84
5GS6:A,APH11537,90.598,351,6,11,344,667,796,1146,0.0,620,91.17
5GS6:A,APH11561,93.277,357,10,7,2,344,796,1152,0.0,672,93.84
5GS6:A,APH11561,90.598,351,6,11,344,667,796,1146,0.0,620,91.17
5GS6:A,APH11579,93.277,357,10,7,2,344,796,1152,0.0,672,93.84
5GS6:A,APH11579,90.598,351,6,11,344,667,796,1146,0.0,620,91.17
5GS6:A,APH11493,93.277,357,10,7,2,344,796,1152,0.0,672,93.84
5GS6:A,APH11493,90.598,351,6,11,344,667,796,1146,0.0,620,91.17
5GS6:A,APH11504,93.277,357,10,7,2,344,796,1152,0.0,672,93.84
5GS6:A,APH11504,90.598,351,6,11,344,667,796,1146,0.0,620,91.17
5GS6:A,APH11517,93.277,357,10,7,2,344,796,1152,0.0,672,93.84
5GS6:A,APH11517,90.598,351,6,11,344,667,796,1146,0.0,620,91.17
5GS6:A,APH11542,93.277,357,10,7,2,344,796,1152,0.0,672,93.84
5GS6:A,APH11542,90.598,351,6,11,344,667,796,1146,0.0,620,91.17
5GS6:A,APH11559,93.277,357,10,7,2,344,796,1152,0.0,672,93.84
5GS6:A,APH11559,90.598,351,6,11,344,667,796,1146,0.0,620,91.17
5GS6:A,APO36913,93.277,357,10,7,2,344,796,1152,0.0,672,93.84
5GS6:A,APO36913,90.598,351,6,11,344,667,796,1146,0.0,620,91.17
5GS6:A,APH11578,93.277,357,10,7,2,344,796,1152,0.0,672,93.84
5GS6:A,APH11578,90.598,351,6,11,344,667,796,1146,0.0,620,91.17
5GS6:A,APH11594,93.277,357,10,7,2,344,796,1152,0.0,672,93.84
5GS6:A,APH11594,90.598,351,6,11,344,667,796,1146,0.0,620,91.17
5GS6:A,APH11586,93.277,357,10,7,2,344,796,1152,0.0,672,93.84
5GS6:A,APH11586,90.598,351,6,11,344,667,796,1146,0.0,620,91.17
5GS6:A,APH11523,93.277,357,10,7,2,344,796,1152,0.0,672,93.84
5GS6:A,APH11523,90.598,351,6,11,344,667,796,1146,0.0,620,91.17
5GS6:A,APH11543,93.277,357,10,7,2,344,796,1152,0.0,672,93.84
5GS6:A,APH11543,90.598,351,6,11,344,667,796,1146,0.0,620,91.17
5GS6:A,APH11550,93.277,357,10,7,2,344,796,1152,0.0,672,93.84
5GS6:A,APH11550,90.598,351,6,11,344,667,796,1146,0.0,620,91.17
5GS6:A,AMR39834,93.277,357,10,7,2,344,796,1152,0.0,672,93.84
5GS6:A,AMR39834,90.598,351,6,11,344,667,796,1146,0.0,620,91.17
5GS6:A,APH11556,93.277,357,10,7,2,344,796,1152,0.0,672,93.84
5GS6:A,APH11556,90.598,351,6,11,344,667,796,1146,0.0,620,91.17
5GS6:A,APH11569,93.277,357,10,7,2,344,796,1152,0.0,672,93.84
5GS6:A,APH11569,90.598,351,6,11,344,667,796,1146,0.0,620,91.17
5GS6:A,APH11505,93.277,357,10,7,2,344,796,1152,0.0,672,93.84
5GS6:A,APH11505,90.598,351,6,11,344,667,796,1146,0.0,620,91.17
5GS6:A,APH11577,93.277,357,10,7,2,344,796,1152,0.0,672,93.84
5GS6:A,APH11577,90.598,351,6,11,344,667,796,1146,0.0,620,91.17
5GS6:A,APH11587,93.277,357,10,7,2,344,796,1152,0.0,672,93.84
5GS6:A,APH11587,90.598,351,6,11,344,667,796,1146,0.0,620,91.17
5GS6:A,APH11593,93.277,357,10,7,2,344,796,1152,0.0,672,93.84
5GS6:A,APH11593,90.598,351,6,11,344,667,796,1146,0.0,620,91.17
5GS6:A,APH11526,93.277,357,10,7,2,344,796,1152,0.0,672,93.84
5GS6:A,APH11526,90.598,351,6,11,344,667,796,1146,0.0,620,91.17
5GS6:A,AOL02459,93.277,357,10,7,2,344,796,1152,0.0,672,93.84
5GS6:A,AOL02459,90.598,351,6,11,344,667,796,1146,0.0,620,91.17
5GS6:A,APH11506,93.277,357,10,7,2,344,796,1152,0.0,672,93.84
5GS6:A,APH11506,90.598,351,6,11,344,667,796,1146,0.0,620,91.17
5GS6:A,APH11499,93.277,357,10,7,2,344,796,1152,0.0,672,93.84
5GS6:A,APH11499,90.598,351,6,11,344,667,796,1146,0.0,620,91.17
5GS6:A,AOY08539,93.277,357,10,7,2,344,796,1152,0.0,672,94.12
5GS6:A,AOY08539,90.598,351,6,11,344,667,796,1146,0.0,620,91.45
5GS6:A,ART29825,93.277,357,10,7,2,344,796,1152,0.0,672,94.12
5GS6:A,ART29825,90.598,351,6,11,344,667,796,1146,0.0,620,91.45
5GS6:A,AWK27349,93.277,357,10,7,2,344,796,1152,0.0,672,93.84
5GS6:A,AWK27349,90.598,351,6,11,344,667,796,1146,0.0,620,91.17
5GS6:A,APH11566,93.277,357,10,7,2,344,796,1152,0.0,672,93.84
5GS6:A,APH11566,90.598,351,6,11,344,667,796,1146,0.0,620,91.17
5GS6:A,APH11553,93.277,357,10,7,2,344,796,1152,0.0,672,93.84
5GS6:A,APH11553,90.598,351,6,11,344,667,796,1146,0.0,620,91.17
5GS6:A,APH11500,93.277,357,10,7,2,344,796,1152,0.0,672,93.84
5GS6:A,APH11500,90.598,351,6,11,344,667,796,1146,0.0,620,91.17
5GS6:A,APH11582,93.277,357,10,7,2,344,796,1152,0.0,672,93.84
5GS6:A,APH11582,90.598,351,6,11,344,667,796,1146,0.0,620,91.17
5GS6:A,APH11576,93.277,357,10,7,2,344,796,1152,0.0,672,93.84
5GS6:A,APH11576,90.598,351,6,11,344,667,796,1146,0.0,620,91.17
5GS6:A,APH11530,93.277,357,10,7,2,344,796,1152,0.0,672,93.84
5GS6:A,APH11530,90.598,351,6,11,344,667,796,1146,0.0,620,91.17
5GS6:A,APG56457,93.277,357,10,7,2,344,796,1152,0.0,672,94.12
5GS6:A,APG56457,90.598,351,6,11,344,667,796,1146,0.0,620,91.45
5GS6:A,APH11521,93.277,357,10,7,2,344,796,1152,0.0,672,93.84
5GS6:A,APH11521,90.598,351,6,11,344,667,796,1146,0.0,620,91.17
5GS6:A,APH11507,93.277,357,10,7,2,344,796,1152,0.0,672,93.84
5GS6:A,APH11507,90.598,351,6,11,344,667,796,1146,0.0,620,91.17
5GS6:A,AUI42330,93.277,357,10,7,2,344,789,1145,0.0,672,94.12
5GS6:A,AUI42330,90.598,351,6,11,344,667,789,1139,0.0,620,91.45
5GS6:A,APH11567,93.277,357,10,7,2,344,796,1152,0.0,672,93.84
5GS6:A,APH11567,90.598,351,6,11,344,667,796,1146,0.0,620,91.17
5GS6:A,APH11541,93.277,357,10,7,2,344,796,1152,0.0,672,93.84
5GS6:A,APH11541,90.598,351,6,11,344,667,796,1146,0.0,620,91.17
5GS6:A,APH11558,93.277,357,10,7,2,344,796,1152,0.0,672,93.84
5GS6:A,APH11558,90.598,351,6,11,344,667,796,1146,0.0,620,91.17
5GS6:A,AWH65848,93.277,357,10,7,2,344,796,1152,0.0,672,93.84
5GS6:A,AWH65848,90.598,351,6,11,344,667,796,1146,0.0,620,91.17
5GS6:A,APH11524,93.277,357,10,7,2,344,796,1152,0.0,672,93.84
5GS6:A,APH11524,90.598,351,6,11,344,667,796,1146,0.0,620,91.17
5GS6:A,APH11533,93.277,357,10,7,2,344,796,1152,0.0,672,93.84
5GS6:A,APH11533,90.598,351,6,11,344,667,796,1146,0.0,620,91.17
5GS6:A,APH11589,93.277,357,10,7,2,344,796,1152,0.0,672,93.84
5GS6:A,APH11589,90.598,351,6,11,344,667,796,1146,0.0,620,91.17
5GS6:A,APH11544,93.277,357,10,7,2,344,796,1152,0.0,672,93.84
5GS6:A,APH11544,90.598,351,6,11,344,667,796,1146,0.0,620,91.17
5GS6:A,APH11535,93.277,357,10,7,2,344,796,1152,0.0,672,93.84
5GS6:A,APH11535,90.598,351,6,11,344,667,796,1146,0.0,620,91.17
5GS6:A,APH11513,93.277,357,10,7,2,344,796,1152,0.0,672,93.84
5GS6:A,APH11513,90.598,351,6,11,344,667,796,1146,0.0,620,91.17
5GS6:A,APH11564,93.277,357,10,7,2,344,796,1152,0.0,672,93.84
5GS6:A,APH11564,90.598,351,6,11,344,667,796,1146,0.0,620,91.17
5GS6:A,APH11529,93.277,357,10,7,2,344,796,1152,0.0,672,93.84
5GS6:A,APH11529,90.598,351,6,11,344,667,796,1146,0.0,620,91.17
5GS6:A,APH11584,93.277,357,10,7,2,344,796,1152,0.0,672,93.84
5GS6:A,APH11584,90.598,351,6,11,344,667,796,1146,0.0,620,91.17
5GS6:A,ARU07075,93.277,357,10,7,2,344,796,1152,0.0,672,94.12
5GS6:A,ARU07075,90.598,351,6,11,344,667,796,1146,0.0,620,91.45
5GS6:A,APH11574,93.277,357,10,7,2,344,796,1152,0.0,672,93.84
5GS6:A,APH11574,90.598,351,6,11,344,667,796,1146,0.0,620,91.17
5GS6:A,APH11572,93.277,357,10,7,2,344,796,1152,0.0,672,93.84
5GS6:A,APH11572,90.598,351,6,11,344,667,796,1146,0.0,620,91.17
5GS6:A,APH11527,93.277,357,10,7,2,344,796,1152,0.0,672,93.84
5GS6:A,APH11527,90.598,351,6,11,344,667,796,1146,0.0,620,91.17
5GS6:A,ASW34087,93.277,357,10,7,2,344,796,1152,0.0,672,94.12
5GS6:A,ASW34087,90.598,351,6,11,344,667,796,1146,0.0,620,91.45
5GS6:A,APH11580,93.277,357,10,7,2,344,796,1152,0.0,672,93.84
5GS6:A,APH11580,90.598,351,6,11,344,667,796,1146,0.0,620,91.17
5GS6:A,APH11545,93.277,357,10,7,2,344,796,1152,0.0,672,93.84
5GS6:A,APH11545,90.598,351,6,11,344,667,796,1146,0.0,620,91.17
5GS6:A,APW84877,93.277,357,10,7,2,344,796,1152,0.0,672,94.12
5GS6:A,APW84877,90.598,351,6,11,344,667,796,1146,0.0,620,91.45
5GS6:A,APH11492,93.277,357,10,7,2,344,796,1152,0.0,672,94.12
5GS6:A,APH11492,90.598,351,6,11,344,667,796,1146,0.0,620,91.45
5GS6:A,APO39232,93.277,357,10,7,2,344,796,1152,0.0,672,94.12
5GS6:A,APO39232,90.598,351,6,11,344,667,796,1146,0.0,620,91.45
5GS6:A,AOY08546,93.277,357,10,7,2,344,796,1152,0.0,672,94.12
5GS6:A,AOY08546,90.598,351,6,11,344,667,796,1146,0.0,620,91.45
5GS6:A,AOO85388,93.277,357,10,7,2,344,796,1152,0.0,672,94.12
5GS6:A,AOO85388,90.598,351,6,11,344,667,796,1146,0.0,620,91.45
5GS6:A,ARU07183,93.277,357,10,7,2,344,796,1152,0.0,672,93.84
5GS6:A,ARU07183,90.598,351,6,11,344,667,796,1146,0.0,620,91.17
5GS6:A,ANH22038,93.277,357,10,7,2,344,796,1152,0.0,672,94.12
5GS6:A,ANH22038,90.598,351,6,11,344,667,796,1146,0.0,620,91.45
5GS6:A,ANC90425,93.277,357,10,7,2,344,796,1152,0.0,672,94.12
5GS6:A,ANC90425,90.598,351,6,11,344,667,796,1146,0.0,620,91.45
5GS6:A,AMQ48982,93.277,357,10,7,2,344,796,1152,0.0,672,94.12
5GS6:A,AMQ48982,90.598,351,6,11,344,667,796,1146,0.0,620,91.45
5GS6:A,APC60216,93.277,357,10,7,2,344,796,1152,0.0,672,93.84
5GS6:A,APC60216,90.598,351,6,11,344,667,796,1146,0.0,620,91.17
5GS6:A,AQZ41950,93.277,357,10,7,2,344,796,1152,0.0,672,93.84
5GS6:A,AQZ41950,90.598,351,6,11,344,667,796,1146,0.0,620,91.17
5GS6:A,APO08503,93.277,357,10,7,2,344,796,1152,0.0,672,93.84
5GS6:A,APO08503,90.598,351,6,11,344,667,796,1146,0.0,620,91.17
5GS6:A,APO39243,93.277,357,10,7,2,344,796,1152,0.0,672,93.84
5GS6:A,APO39243,90.598,351,6,11,344,667,796,1146,0.0,620,91.17
5GS6:A,ARB07930,93.277,357,10,7,2,344,796,1152,0.0,672,93.84
5GS6:A,ARB07930,90.598,351,6,11,344,667,796,1146,0.0,620,91.17
5GS6:A,AMC13912,93.277,357,10,7,2,344,796,1152,0.0,672,93.84
5GS6:A,AMC13912,90.598,351,6,11,344,667,796,1146,0.0,620,91.17
5GS6:A,APW84876,93.277,357,10,7,2,344,796,1152,0.0,672,94.12
5GS6:A,APW84876,90.598,351,6,11,344,667,796,1146,0.0,620,91.45
5GS6:A,BBA85762,93.277,357,10,7,2,344,796,1152,0.0,672,94.12
5GS6:A,BBA85762,90.598,351,6,11,344,667,796,1146,0.0,620,91.45
5GS6:A,AMO03410,93.277,357,10,7,2,344,796,1152,0.0,672,94.12
5GS6:A,AMO03410,90.598,351,6,11,344,667,796,1146,0.0,620,91.45
5GS6:A,ARB07965,93.277,357,10,7,2,344,796,1152,0.0,672,94.12
5GS6:A,ARB07965,90.598,351,6,11,344,667,796,1146,0.0,620,91.45
5GS6:A,AOY08533,93.277,357,10,7,2,344,796,1152,0.0,672,93.84
5GS6:A,AOY08533,90.598,351,6,11,344,667,796,1146,0.0,620,91.17
5GS6:A,APH11495,93.277,357,10,7,2,344,796,1152,0.0,672,93.84
5GS6:A,APH11495,90.598,351,6,11,344,667,796,1146,0.0,620,91.17
5GS6:A,AOY08521,93.277,357,10,7,2,344,796,1152,0.0,672,94.12
5GS6:A,AOY08521,90.598,351,6,11,344,667,796,1146,0.0,620,91.45
5GS6:A,AMN14619,93.277,357,10,7,2,344,796,1152,0.0,672,94.12
5GS6:A,AMN14619,90.598,351,6,11,344,667,796,1146,0.0,620,91.45
5GS6:A,AQM74761,93.277,357,10,7,2,344,796,1152,0.0,672,93.84
5GS6:A,AQM74761,90.598,351,6,11,344,667,796,1146,0.0,620,91.17
5GS6:A,AVZ25035,93.277,357,10,7,2,344,796,1152,0.0,672,94.12
5GS6:A,AVZ25035,90.598,351,6,11,344,667,796,1146,0.0,620,91.45
5GS6:A,AOS90220,93.277,357,10,7,2,344,796,1152,0.0,672,94.12
5GS6:A,AOS90220,90.598,351,6,11,344,667,796,1146,0.0,620,91.45
5GS6:A,ATG29315,93.277,357,10,7,2,344,796,1152,0.0,672,93.84
5GS6:A,ATG29315,90.598,351,6,11,344,667,796,1146,0.0,620,91.17
5GS6:A,ARB07960,93.277,357,10,7,2,344,796,1152,0.0,672,93.84
5GS6:A,ARB07960,90.598,351,6,11,344,667,796,1146,0.0,620,91.17
5GS6:A,AOY08537,93.277,357,10,7,2,344,796,1152,0.0,672,94.12
5GS6:A,AOY08537,90.598,351,6,11,344,667,796,1146,0.0,620,91.45
5GS6:A,AOS90222,93.277,357,10,7,2,344,796,1152,0.0,672,94.12
5GS6:A,AOS90222,90.598,351,6,11,344,667,796,1146,0.0,620,91.45
5GS6:A,AOR82893,93.277,357,10,7,2,344,796,1152,0.0,672,94.12
5GS6:A,AOR82893,90.598,351,6,11,344,667,796,1146,0.0,620,91.45
5GS6:A,ASL68974,93.277,357,10,7,2,344,796,1152,0.0,672,93.84
5GS6:A,ASL68974,90.598,351,6,11,344,667,796,1146,0.0,620,91.17
5GS6:A,AWF93617,93.277,357,10,7,2,344,796,1152,0.0,672,93.84
5GS6:A,AWF93617,90.598,351,6,11,344,667,796,1146,0.0,620,91.17
5GS6:A,ATG29303,93.277,357,10,7,2,344,796,1152,0.0,672,93.84
5GS6:A,ATG29303,90.598,351,6,11,344,667,796,1146,0.0,620,91.17
5GS6:A,AOS90221,93.277,357,10,7,2,344,796,1152,0.0,672,94.12
5GS6:A,AOS90221,90.598,351,6,11,344,667,796,1146,0.0,620,91.45
5GS6:A,APW84875,93.277,357,10,7,2,344,796,1152,0.0,672,94.12
5GS6:A,APW84875,90.598,351,6,11,344,667,796,1146,0.0,620,91.45
5GS6:A,AXF50014,93.277,357,10,7,2,344,796,1152,0.0,672,94.12
5GS6:A,AXF50014,90.598,351,6,11,344,667,796,1146,0.0,620,91.45
5GS6:A,APB03021,93.277,357,10,7,2,344,796,1152,0.0,672,94.12
5GS6:A,APB03021,90.598,351,6,11,344,667,796,1146,0.0,620,91.45
5GS6:A,ATG29291,93.277,357,10,7,2,344,796,1152,0.0,672,93.84
5GS6:A,ATG29291,90.598,351,6,11,344,667,796,1146,0.0,620,91.17
5GS6:A,ANG09399,93.277,357,10,7,2,344,796,1152,0.0,672,93.84
5GS6:A,ANG09399,90.598,351,6,11,344,667,796,1146,0.0,620,91.17
5GS6:A,AQZ41948,93.277,357,10,7,2,344,796,1152,0.0,672,93.84
5GS6:A,AQZ41948,90.598,351,6,11,344,667,796,1146,0.0,620,91.17
5GS6:A,AMM39806,93.277,357,10,7,2,344,796,1152,0.0,672,94.12
5GS6:A,AMM39806,90.598,351,6,11,344,667,796,1146,0.0,620,91.45
5GS6:A,APO39228,93.277,357,10,7,2,344,796,1152,0.0,672,94.12
5GS6:A,APO39228,90.598,351,6,11,344,667,796,1146,0.0,620,91.45
5GS6:A,AWF93619,93.277,357,10,7,2,344,796,1152,0.0,672,93.84
5GS6:A,AWF93619,90.598,351,6,11,344,667,796,1146,0.0,620,91.17
5GS6:A,APH11520,93.277,357,10,7,2,344,796,1152,0.0,672,93.84
5GS6:A,APH11520,90.598,351,6,11,344,667,796,1146,0.0,620,91.17
5GS6:A,ARB07953,93.277,357,10,7,2,344,796,1152,0.0,672,94.12
5GS6:A,ARB07953,90.598,351,6,11,344,667,796,1146,0.0,620,91.45
5GS6:A,AOS90223,93.277,357,10,7,2,344,796,1152,0.0,672,94.12
5GS6:A,AOS90223,90.598,351,6,11,344,667,796,1146,0.0,620,91.45
5GS6:A,ATI21641,93.277,357,10,7,2,344,796,1152,0.0,672,93.84
5GS6:A,ATI21641,90.598,351,6,11,344,667,796,1146,0.0,620,91.17
5GS6:A,APO39231,93.277,357,10,7,2,344,796,1152,0.0,672,94.12
5GS6:A,APO39231,90.598,351,6,11,344,667,796,1146,0.0,620,91.45
5GS6:A,ART29823,93.277,357,10,7,2,344,796,1152,0.0,672,94.12
5GS6:A,ART29823,90.598,351,6,11,344,667,796,1146,0.0,620,91.45
5GS6:A,AOY08535,93.277,357,10,7,2,344,796,1152,0.0,672,94.12
5GS6:A,AOY08535,90.598,351,6,11,344,667,796,1146,0.0,620,91.45
5GS6:A,AQZ41947,93.277,357,10,7,2,344,796,1152,0.0,672,93.84
5GS6:A,AQZ41947,90.598,351,6,11,344,667,796,1146,0.0,620,91.17
5GS6:A,APW84874,93.277,357,10,7,2,344,796,1152,0.0,672,94.12
5GS6:A,APW84874,90.598,351,6,11,344,667,796,1146,0.0,620,91.45
5GS6:A,AQZ41955,93.277,357,10,7,2,344,796,1152,0.0,672,93.84
5GS6:A,AQZ41955,90.598,351,6,11,344,667,796,1146,0.0,620,91.17
5GS6:A,AQZ41952,93.277,357,10,7,2,344,796,1152,0.0,672,93.84
5GS6:A,AQZ41952,90.598,351,6,11,344,667,796,1146,0.0,620,91.17
5GS6:A,APC60215,93.277,357,10,7,2,344,796,1152,0.0,672,93.84
5GS6:A,APC60215,90.598,351,6,11,344,667,796,1146,0.0,620,91.17
5GS6:A,AMT75536,93.277,357,10,7,2,344,796,1152,0.0,672,94.12
5GS6:A,AMT75536,90.598,351,6,11,344,667,796,1146,0.0,620,91.45
5GS6:A,ASL68978,93.277,357,10,7,2,344,796,1152,0.0,672,93.84
5GS6:A,ASL68978,90.598,351,6,11,344,667,796,1146,0.0,620,91.17
5GS6:A,AOY08527,93.277,357,10,7,2,344,796,1152,0.0,672,93.84
5GS6:A,AOY08527,90.598,351,6,11,344,667,796,1146,0.0,620,91.17
5GS6:A,AVG19275,93.277,357,10,7,2,344,796,1152,0.0,672,94.12
5GS6:A,AVG19275,90.598,351,6,11,344,667,796,1146,0.0,620,91.45
5GS6:A,ARB07938,93.277,357,10,7,2,344,796,1152,0.0,672,94.12
5GS6:A,ARB07938,90.598,351,6,11,344,667,796,1146,0.0,620,91.45
5GS6:A,AYI50273,93.277,357,10,7,2,344,796,1152,0.0,672,94.12
5GS6:A,AYI50273,90.883,351,5,11,344,667,796,1146,0.0,622,91.45
5GS6:A,ATG29302,93.277,357,10,7,2,344,796,1152,0.0,672,93.84
5GS6:A,ATG29302,90.598,351,6,11,344,667,796,1146,0.0,620,91.17
5GS6:A,AQZ41951,93.277,357,10,7,2,344,796,1152,0.0,672,93.84
5GS6:A,AQZ41951,90.598,351,6,11,344,667,796,1146,0.0,620,91.17
5GS6:A,AOR82892,93.277,357,10,7,2,344,796,1152,0.0,672,94.12
5GS6:A,AOR82892,90.598,351,6,11,344,667,796,1146,0.0,620,91.45
5GS6:A,APW84873,93.277,357,10,7,2,344,796,1152,0.0,672,94.12
5GS6:A,APW84873,90.598,351,6,11,344,667,796,1146,0.0,620,91.45
5GS6:A,AMV49165,93.277,357,10,7,2,344,796,1152,0.0,672,94.12
5GS6:A,AMV49165,90.598,351,6,11,344,667,796,1146,0.0,620,91.45
5GS6:A,ARB07964,93.277,357,10,7,2,344,796,1152,0.0,672,93.84
5GS6:A,ARB07964,90.598,351,6,11,344,667,796,1146,0.0,620,91.17
5GS6:A,AOW32303,93.277,357,10,7,2,344,796,1152,0.0,672,93.84
5GS6:A,AOW32303,90.598,351,6,11,344,667,796,1146,0.0,620,91.17
5GS6:A,AQZ41956,93.277,357,10,7,2,344,796,1152,0.0,672,93.84
5GS6:A,AQZ41956,90.598,351,6,11,344,667,796,1146,0.0,620,91.17
5GS6:A,AMC13913,93.277,357,10,7,2,344,796,1152,0.0,672,93.84
5GS6:A,AMC13913,90.598,351,6,11,344,667,796,1146,0.0,620,91.17
5GS6:A,APY24198,93.277,357,10,7,2,344,796,1152,0.0,672,93.84
5GS6:A,APY24198,90.598,351,6,11,344,667,796,1146,0.0,620,91.17
5GS6:A,ANH10698,93.277,357,10,7,2,344,796,1152,0.0,672,94.12
5GS6:A,ANH10698,90.598,351,6,11,344,667,796,1146,0.0,620,91.45
5GS6:A,AOY08540,93.277,357,10,7,2,344,796,1152,0.0,672,93.84
5GS6:A,AOY08540,90.598,351,6,11,344,667,796,1146,0.0,620,91.17
5GS6:A,APO39240,93.277,357,10,7,2,344,796,1152,0.0,672,94.12
5GS6:A,APO39240,90.598,351,6,11,344,667,796,1146,0.0,620,91.45
5GS6:A,AOO53981,93.277,357,10,7,2,344,796,1152,0.0,672,94.12
5GS6:A,AOO53981,90.598,351,6,11,344,667,796,1146,0.0,620,91.45
5GS6:A,ATG29284,93.277,357,10,7,2,344,796,1152,0.0,672,93.84
5GS6:A,ATG29284,90.598,351,6,11,344,667,796,1146,0.0,620,91.17
5GS6:A,BAV82373,93.277,357,10,7,2,344,796,1152,0.0,672,94.12
5GS6:A,BAV82373,90.598,351,6,11,344,667,796,1146,0.0,620,91.45
5GS6:A,APH11562,93.277,357,10,7,2,344,796,1152,0.0,672,93.84
5GS6:A,APH11562,90.598,351,6,11,344,667,796,1146,0.0,620,91.17
5GS6:A,AXF50015,93.277,357,10,7,2,344,796,1152,0.0,672,94.12
5GS6:A,AXF50015,90.598,351,6,11,344,667,796,1146,0.0,620,91.45
5GS6:A,ATG29306,93.277,357,10,7,2,344,796,1152,0.0,672,93.84
5GS6:A,ATG29306,90.598,351,6,11,344,667,796,1146,0.0,620,91.17
5GS6:A,APO39233,93.277,357,10,7,2,344,796,1152,0.0,672,94.12
5GS6:A,APO39233,90.598,351,6,11,344,667,796,1146,0.0,620,91.45
5GS6:A,ARB07947,93.277,357,10,7,2,344,796,1152,0.0,672,94.12
5GS6:A,ARB07947,90.598,351,6,11,344,667,796,1146,0.0,620,91.45
5GS6:A,ATB53752,93.277,357,10,7,2,344,796,1152,0.0,672,94.12
5GS6:A,ATB53752,90.598,351,6,11,344,667,796,1146,0.0,620,91.45
5GS6:A,AOX49265,93.277,357,10,7,2,344,796,1152,0.0,672,94.12
5GS6:A,AOX49265,90.598,351,6,11,344,667,796,1146,0.0,620,91.45
5GS6:A,AQZ41953,93.277,357,10,7,2,344,796,1152,0.0,672,93.84
5GS6:A,AQZ41953,90.598,351,6,11,344,667,796,1146,0.0,620,91.17
5GS6:A,AOY08531,93.277,357,10,7,2,344,796,1152,0.0,672,93.84
5GS6:A,AOY08531,90.598,351,6,11,344,667,796,1146,0.0,620,91.17
5GS6:A,APW84872,93.277,357,10,7,2,344,796,1152,0.0,672,94.12
5GS6:A,APW84872,90.598,351,6,11,344,667,796,1146,0.0,620,91.45
5GS6:A,AUI42329,93.277,357,10,7,2,344,796,1152,0.0,672,94.12
5GS6:A,AUI42329,90.598,351,6,11,344,667,796,1146,0.0,620,91.45
5GS6:A,AMR39830,93.277,357,10,7,2,344,796,1152,0.0,672,94.12
5GS6:A,AMR39830,90.598,351,6,11,344,667,796,1146,0.0,620,91.45
5GS6:A,ATG29287,93.277,357,10,7,2,344,796,1152,0.0,672,93.84
5GS6:A,ATG29287,90.598,351,6,11,344,667,796,1146,0.0,620,91.17
5GS6:A,AOY08525,93.277,357,10,7,2,344,796,1152,0.0,672,94.12
5GS6:A,AOY08525,90.598,351,6,11,344,667,796,1146,0.0,620,91.45
5GS6:A,AOS90224,93.277,357,10,7,2,344,796,1152,0.0,672,94.12
5GS6:A,AOS90224,90.598,351,6,11,344,667,796,1146,0.0,620,91.45
5GS6:A,AQZ41954,93.277,357,10,7,2,344,796,1152,0.0,672,93.84
5GS6:A,AQZ41954,90.598,351,6,11,344,667,796,1146,0.0,620,91.17
5GS6:A,ANH21697,93.277,357,10,7,2,344,796,1152,0.0,672,94.12
5GS6:A,ANH21697,90.598,351,6,11,344,667,796,1146,0.0,620,91.45
5GS6:A,APO39236,93.277,357,10,7,2,344,796,1152,0.0,672,94.12
5GS6:A,APO39236,90.598,351,6,11,344,667,796,1146,0.0,620,91.45
5GS6:A,AMR68932,93.277,357,10,7,2,344,796,1152,0.0,672,94.12
5GS6:A,AMR68932,90.598,351,6,11,344,667,796,1146,0.0,620,91.45
5GS6:A,ARB07939,93.277,357,10,7,2,344,796,1152,0.0,672,93.84
5GS6:A,ARB07939,90.598,351,6,11,344,667,796,1146,0.0,620,91.17
5GS6:A,ATG29276,93.277,357,10,7,2,344,796,1152,0.0,672,93.84
5GS6:A,ATG29276,90.598,351,6,11,344,667,796,1146,0.0,620,91.17
5GS6:A,AMN14620,93.277,357,10,7,2,344,796,1152,0.0,672,94.12
5GS6:A,AMN14620,90.598,351,6,11,344,667,796,1146,0.0,620,91.45
5GS6:A,ANN44857,93.277,357,10,7,2,344,796,1152,0.0,672,94.12
5GS6:A,ANN44857,90.598,351,6,11,344,667,796,1146,0.0,620,91.45
5GS6:A,ATG29267,93.277,357,10,7,2,344,796,1152,0.0,672,93.84
5GS6:A,ATG29267,90.598,351,6,11,344,667,796,1146,0.0,620,91.17
5GS6:A,ANA12599,93.277,357,10,7,2,344,796,1152,0.0,672,94.12
5GS6:A,ANA12599,90.598,351,6,11,344,667,796,1146,0.0,620,91.45
5GS6:A,AYI50388,93.277,357,10,7,2,344,796,1152,0.0,672,94.12
5GS6:A,AYI50388,90.598,351,6,11,344,667,796,1146,0.0,620,91.45
5GS6:A,ATG29292,93.277,357,10,7,2,344,796,1152,0.0,672,93.84
5GS6:A,ATG29292,90.598,351,6,11,344,667,796,1146,0.0,620,91.17
5GS6:A,ANF16414,93.277,357,10,7,2,344,796,1152,0.0,672,94.12
5GS6:A,ANF16414,90.598,351,6,11,344,667,796,1146,0.0,620,91.45
5GS6:A,APH11519,93.277,357,10,7,2,344,796,1152,0.0,672,93.84
5GS6:A,APH11519,90.598,351,6,11,344,667,796,1146,0.0,620,91.17
5GS6:A,AQX32985,93.277,357,10,7,2,344,796,1152,0.0,672,93.84
5GS6:A,AQX32985,90.598,351,6,11,344,667,796,1146,0.0,620,91.17
5GS6:A,APO39229,93.277,357,10,7,2,344,796,1152,0.0,672,93.84
5GS6:A,APO39229,90.598,351,6,11,344,667,796,1146,0.0,620,91.17
5GS6:A,AOY08516,93.277,357,10,7,2,344,796,1152,0.0,672,94.12
5GS6:A,AOY08516,90.598,351,6,11,344,667,796,1146,0.0,620,91.45
5GS6:A,APO39241,93.277,357,10,7,2,344,796,1152,0.0,672,94.12
5GS6:A,APO39241,90.598,351,6,11,344,667,796,1146,0.0,620,91.45
5GS6:A,AVZ25033,93.277,357,10,7,2,344,796,1152,0.0,672,93.84
5GS6:A,AVZ25033,90.598,351,6,11,344,667,796,1146,0.0,620,91.17
5GS6:A,AMM43325,93.277,357,10,7,2,344,796,1152,0.0,672,93.84
5GS6:A,AMM43325,90.598,351,6,11,344,667,796,1146,0.0,620,91.17
5GS6:A,AOY08523,93.277,357,10,7,2,344,796,1152,0.0,672,94.12
5GS6:A,AOY08523,90.598,351,6,11,344,667,796,1146,0.0,620,91.45
5GS6:A,AMS00611,93.277,357,10,7,2,344,796,1152,0.0,672,94.12
5GS6:A,AMS00611,90.598,351,6,11,344,667,796,1146,0.0,620,91.45
5GS6:A,ARI68105,93.277,357,10,7,2,344,796,1152,0.0,671,93.84
5GS6:A,ARI68105,90.598,351,6,11,344,667,796,1146,0.0,620,91.17
5GS6:A,ATG29295,93.277,357,10,7,2,344,796,1152,0.0,671,93.84
5GS6:A,ATG29295,90.598,351,6,11,344,667,796,1146,0.0,619,91.17
5GS6:A,ARB07987,93.277,357,10,7,2,344,796,1152,0.0,671,94.12
5GS6:A,ARB07987,90.598,351,6,11,344,667,796,1146,0.0,619,91.45
5GS6:A,ANO46297,93.277,357,10,7,2,344,796,1152,0.0,671,93.84
5GS6:A,ANO46297,90.598,351,6,11,344,667,796,1146,0.0,619,91.17
5GS6:A,AQZ41949,93.277,357,10,7,2,344,796,1152,0.0,671,93.84
5GS6:A,AQZ41949,90.598,351,6,11,344,667,796,1146,0.0,619,91.17
5GS6:A,AOY08519,93.277,357,10,7,2,344,796,1152,0.0,671,94.12
5GS6:A,AOY08519,90.598,351,6,11,344,667,796,1146,0.0,619,91.45
5GS6:A,ANO46298,93.277,357,10,7,2,344,796,1152,0.0,671,93.84
5GS6:A,ANO46298,90.598,351,6,11,344,667,796,1146,0.0,619,91.17
5GS6:A,ARB07971,93.277,357,10,7,2,344,796,1152,0.0,671,94.12
5GS6:A,ARB07971,90.313,351,7,11,344,667,796,1146,0.0,617,91.17
5GS6:A,AQS26800,93.277,357,10,7,2,344,796,1152,0.0,671,93.84
5GS6:A,AQS26800,90.598,351,6,11,344,667,796,1146,0.0,620,91.17
5GS6:A,ARB07962,93.277,357,10,7,2,344,796,1152,0.0,671,93.84
5GS6:A,ARB07962,90.598,351,6,11,344,667,796,1146,0.0,619,91.17
5GS6:A,AYI50274,93.277,357,10,7,2,344,796,1152,0.0,671,93.84
5GS6:A,AYI50274,90.598,351,6,11,344,667,796,1146,0.0,620,91.17
5GS6:A,ATG29297,93.277,357,10,7,2,344,796,1152,0.0,671,93.84
5GS6:A,ATG29297,90.598,351,6,11,344,667,796,1146,0.0,619,91.17
5GS6:A,ASU55505,93.277,357,10,7,2,344,796,1152,0.0,671,93.84
5GS6:A,ASU55505,90.598,351,6,11,344,667,796,1146,0.0,620,91.17
5GS6:A,AOY08518,93.277,357,10,7,2,344,796,1152,0.0,671,93.84
5GS6:A,AOY08518,90.598,351,6,11,344,667,796,1146,0.0,619,91.17
5GS6:A,AUF35022,93.277,357,10,7,2,344,796,1152,0.0,671,94.12
5GS6:A,AUF35022,90.598,351,6,11,344,667,796,1146,0.0,619,91.45
5GS6:A,APB03020,93.277,357,10,7,2,344,796,1152,0.0,671,94.12
5GS6:A,APB03020,90.598,351,6,11,344,667,796,1146,0.0,620,91.45
5GS6:A,ARB07977,93.277,357,10,7,2,344,796,1152,0.0,671,94.12
5GS6:A,ARB07977,90.598,351,6,11,344,667,796,1146,0.0,620,91.45
5GS6:A,AYI50275,93.277,357,10,7,2,344,796,1152,0.0,671,93.84
5GS6:A,AYI50275,90.598,351,6,11,344,667,796,1146,0.0,619,91.17
5GS6:A,ANO46303,93.277,357,10,7,2,344,796,1152,0.0,671,93.84
5GS6:A,ANO46303,90.598,351,6,11,344,667,796,1146,0.0,619,91.17
5GS6:A,ARO84674,93.277,357,10,7,2,344,796,1152,0.0,671,93.84
5GS6:A,ARO84674,90.598,351,6,11,344,667,796,1146,0.0,619,91.17
5GS6:A,AMU04506,93.277,357,10,7,2,344,796,1152,0.0,671,93.84
5GS6:A,AMU04506,90.598,351,6,11,344,667,796,1146,0.0,619,91.17
5GS6:A,APH11588,93.277,357,10,7,2,344,796,1152,0.0,671,93.84
5GS6:A,APH11588,90.598,351,6,11,344,667,796,1146,0.0,620,91.17
5GS6:A,ARK18853,93.277,357,10,7,2,344,796,1152,0.0,671,93.84
5GS6:A,ARK18853,90.598,351,6,11,344,667,796,1146,0.0,619,91.17
5GS6:A,AUF35021,93.277,357,10,7,2,344,796,1152,0.0,671,93.84
5GS6:A,AUF35021,90.598,351,6,11,344,667,796,1146,0.0,619,91.17
5GS6:A,AMD61711,92.997,357,11,7,2,344,796,1152,0.0,671,93.84
5GS6:A,AMD61711,90.313,351,7,11,344,667,796,1146,0.0,619,91.17
5GS6:A,BAV89190,93.277,357,10,7,2,344,796,1152,0.0,671,93.84
5GS6:A,BAV89190,90.598,351,6,11,344,667,796,1146,0.0,619,91.17
5GS6:A,ANC90426,93.277,357,10,7,2,344,796,1152,0.0,671,93.84
5GS6:A,ANC90426,90.598,351,6,11,344,667,796,1146,0.0,619,91.17
5GS6:A,AVG19202,92.997,357,11,7,2,344,796,1152,0.0,670,93.84
5GS6:A,AVG19202,90.313,351,7,11,344,667,796,1146,0.0,618,91.17
5GS6:A,AQS26822,92.717,357,12,7,2,344,796,1152,0.0,670,93.84
5GS6:A,AQS26822,90.313,351,7,11,344,667,796,1146,0.0,620,91.45
5GS6:A,AMQ34003,93.277,357,10,7,2,344,796,1152,0.0,670,93.84
5GS6:A,AMQ34003,90.598,351,6,11,344,667,796,1146,0.0,618,91.17
5GS6:A,AMD61710,92.997,357,11,7,2,344,796,1152,0.0,670,93.84
5GS6:A,AMD61710,90.313,351,7,11,344,667,796,1146,0.0,618,91.17
5GS6:A,AUI42289,92.997,357,11,7,2,344,796,1152,0.0,670,93.84
5GS6:A,AUI42289,90.313,351,7,11,344,667,796,1146,0.0,618,91.17
5GS6:A,ASU55411,93.277,357,10,7,2,344,796,1152,0.0,670,93.84
5GS6:A,ASU55411,90.598,351,6,11,344,667,796,1146,0.0,618,91.17
5GS6:A,ATG29307,92.997,357,11,7,2,344,796,1152,0.0,670,93.84
5GS6:A,ATG29307,90.313,351,7,11,344,667,796,1146,0.0,618,91.17
5GS6:A,APQ41783,93.277,357,10,7,2,344,796,1152,0.0,670,93.84
5GS6:A,APQ41783,90.598,351,6,11,344,667,796,1146,0.0,618,91.17
5GS6:A,AQW43707,92.997,357,11,7,2,344,796,1152,0.0,670,93.84
5GS6:A,AQW43707,90.313,351,7,11,344,667,796,1146,0.0,618,91.17
5GS6:A,AWF93618,94.587,351,5,7,2,338,796,1146,0.0,670,94.87
5GS6:A,AWF93618,90.598,351,6,11,344,667,796,1146,0.0,620,91.17
5GS6:A,AMQ34004,93.277,357,10,7,2,344,796,1152,0.0,670,93.84
5GS6:A,AMQ34004,90.598,351,6,11,344,667,796,1146,0.0,618,91.17
5GS6:A,ASU55413,93.277,357,10,7,2,344,796,1152,0.0,669,93.84
5GS6:A,ASU55413,90.598,351,6,11,344,667,796,1146,0.0,617,91.17
5GS6:A,AMM39804,93.277,357,10,7,2,344,796,1152,0.0,669,93.84
5GS6:A,AMM39804,90.598,351,6,11,344,667,796,1146,0.0,617,91.17
5GS6:A,ASU55418,93.277,357,10,7,2,344,796,1152,0.0,669,93.84
5GS6:A,ASU55418,90.598,351,6,11,344,667,796,1146,0.0,617,91.17
5GS6:A,ASU55410,93.277,357,10,7,2,344,796,1152,0.0,669,93.84
5GS6:A,ASU55410,90.598,351,6,11,344,667,796,1146,0.0,617,91.17
5GS6:A,ASU55420,93.277,357,10,7,2,344,796,1152,0.0,669,93.84
5GS6:A,ASU55420,90.598,351,6,11,344,667,796,1146,0.0,617,91.17
5GS6:A,ASU55402,93.277,357,10,7,2,344,796,1152,0.0,669,93.84
5GS6:A,ASU55402,90.598,351,6,11,344,667,796,1146,0.0,617,91.17
5GS6:A,ANF04752,93.277,357,10,7,2,344,796,1152,0.0,669,93.84
5GS6:A,ANF04752,90.598,351,6,11,344,667,796,1146,0.0,617,91.17
5GS6:A,APQ41784,93.277,357,10,7,2,344,796,1152,0.0,669,93.84
5GS6:A,APQ41784,90.598,351,6,11,344,667,796,1146,0.0,617,91.17
5GS6:A,ANB66182,93.277,357,10,7,2,344,796,1152,0.0,669,93.84
5GS6:A,ANB66182,90.598,351,6,11,344,667,796,1146,0.0,618,91.17
5GS6:A,APQ41782,93.277,357,10,7,2,344,796,1152,0.0,669,93.84
5GS6:A,APQ41782,90.598,351,6,11,344,667,796,1146,0.0,617,91.17
5GS6:A,AWH65849,93.277,357,10,7,2,344,796,1152,0.0,669,93.84
5GS6:A,AWH65849,90.598,351,6,11,344,667,796,1146,0.0,618,91.17
5GS6:A,ASU55390,93.277,357,10,7,2,344,796,1152,0.0,669,93.84
5GS6:A,ASU55390,90.598,351,6,11,344,667,796,1146,0.0,617,91.17
5GS6:A,ASU55395,93.277,357,10,7,2,344,796,1152,0.0,669,93.84
5GS6:A,ASU55395,90.598,351,6,11,344,667,796,1146,0.0,617,91.17
5GS6:A,ASU55407,93.277,357,10,7,2,344,796,1152,0.0,669,93.84
5GS6:A,ASU55407,90.598,351,6,11,344,667,796,1146,0.0,617,91.17
5GS6:A,ASU55426,93.277,357,10,7,2,344,796,1152,0.0,669,93.84
5GS6:A,ASU55426,90.598,351,6,11,344,667,796,1146,0.0,617,91.17
5GS6:A,ASU55397,93.277,357,10,7,2,344,796,1152,0.0,669,93.84
5GS6:A,ASU55397,90.598,351,6,11,344,667,796,1146,0.0,617,91.17
5GS6:A,ANK57897,93.277,357,10,7,2,344,796,1152,0.0,669,93.84
5GS6:A,ANK57897,90.598,351,6,11,344,667,796,1146,0.0,618,91.17
5GS6:A,ASU55404,93.277,357,10,7,2,344,796,1152,0.0,669,93.84
5GS6:A,ASU55404,90.598,351,6,11,344,667,796,1146,0.0,617,91.17
5GS6:A,ASU55398,93.277,357,10,7,2,344,796,1152,0.0,669,93.84
5GS6:A,ASU55398,90.598,351,6,11,344,667,796,1146,0.0,617,91.17
5GS6:A,ASU55423,93.277,357,10,7,2,344,796,1152,0.0,669,93.84
5GS6:A,ASU55423,90.598,351,6,11,344,667,796,1146,0.0,617,91.17
5GS6:A,ASU55425,93.277,357,10,7,2,344,796,1152,0.0,669,93.84
5GS6:A,ASU55425,90.598,351,6,11,344,667,796,1146,0.0,618,91.17
5GS6:A,ASU55401,93.277,357,10,7,2,344,796,1152,0.0,669,93.84
5GS6:A,ASU55401,90.598,351,6,11,344,667,796,1146,0.0,617,91.17
5GS6:A,ASU55391,93.277,357,10,7,2,344,796,1152,0.0,669,93.84
5GS6:A,ASU55391,90.598,351,6,11,344,667,796,1146,0.0,617,91.17
5GS6:A,ART29828,92.997,357,11,7,2,344,796,1152,0.0,669,93.84
5GS6:A,ART29828,90.313,351,7,11,344,667,796,1146,0.0,617,91.17
5GS6:A,AQX32986,93.277,357,10,7,2,344,796,1152,0.0,669,93.84
5GS6:A,AQX32986,90.598,351,6,11,344,667,796,1146,0.0,617,91.17
5GS6:A,AOY08524,93.277,357,10,7,2,344,796,1152,0.0,669,93.84
5GS6:A,AOY08524,90.598,351,6,11,344,667,796,1146,0.0,617,91.17
5GS6:A,ASU55412,93.277,357,10,7,2,344,796,1152,0.0,669,93.84
5GS6:A,ASU55412,90.598,351,6,11,344,667,796,1146,0.0,617,91.17
5GS6:A,ARB07981,93.277,357,10,7,2,344,796,1152,0.0,669,93.84
5GS6:A,ARB07981,90.598,351,6,11,344,667,796,1146,0.0,618,91.17
5GS6:A,ASU55424,93.277,357,10,7,2,344,796,1152,0.0,669,93.84
5GS6:A,ASU55424,90.598,351,6,11,344,667,796,1146,0.0,617,91.17
5GS6:A,ASU55414,93.277,357,10,7,2,344,796,1152,0.0,669,93.84
5GS6:A,ASU55414,90.598,351,6,11,344,667,796,1146,0.0,617,91.17
5GS6:A,ASU55406,93.277,357,10,7,2,344,796,1152,0.0,669,93.84
5GS6:A,ASU55406,90.598,351,6,11,344,667,796,1146,0.0,617,91.17
5GS6:A,ASU55394,93.277,357,10,7,2,344,796,1152,0.0,669,93.84
5GS6:A,ASU55394,90.598,351,6,11,344,667,796,1146,0.0,617,91.17
5GS6:A,ASU55419,93.277,357,10,7,2,344,796,1152,0.0,669,93.84
5GS6:A,ASU55419,90.598,351,6,11,344,667,796,1146,0.0,617,91.17
5GS6:A,ASU55421,93.277,357,10,7,2,344,796,1152,0.0,669,93.84
5GS6:A,ASU55421,90.598,351,6,11,344,667,796,1146,0.0,617,91.17
5GS6:A,APQ41785,93.277,357,10,7,2,344,796,1152,0.0,669,93.84
5GS6:A,APQ41785,90.598,351,6,11,344,667,796,1146,0.0,618,91.17
5GS6:A,ASU55405,93.277,357,10,7,2,344,796,1152,0.0,669,93.84
5GS6:A,ASU55405,90.598,351,6,11,344,667,796,1146,0.0,617,91.17
5GS6:A,ASB32509,93.277,357,10,7,2,344,796,1152,0.0,669,93.84
5GS6:A,ASB32509,90.598,351,6,11,344,667,796,1146,0.0,617,91.17
5GS6:A,ASU55392,93.277,357,10,7,2,344,796,1152,0.0,669,93.84
5GS6:A,ASU55392,90.598,351,6,11,344,667,796,1146,0.0,617,91.17
5GS6:A,APQ41786,93.277,357,10,7,2,344,796,1152,0.0,669,93.84
5GS6:A,APQ41786,90.598,351,6,11,344,667,796,1146,0.0,617,91.17
5GS6:A,ASU55422,93.277,357,10,7,2,344,796,1152,0.0,669,93.84
5GS6:A,ASU55422,90.598,351,6,11,344,667,796,1146,0.0,617,91.17
5GS6:A,AMC33116,93.277,357,10,7,2,344,796,1152,0.0,669,93.84
5GS6:A,AMC33116,90.598,351,6,11,344,667,796,1146,0.0,617,91.17
5GS6:A,AQX32987,93.277,357,10,7,2,344,796,1152,0.0,669,93.84
5GS6:A,AQX32987,90.598,351,6,11,344,667,796,1146,0.0,617,91.17
5GS6:A,ANC90428,93.277,357,10,7,2,344,796,1152,0.0,669,93.84
5GS6:A,ANC90428,90.598,351,6,11,344,667,796,1146,0.0,617,91.17
5GS6:A,APB03017,93.277,357,10,7,2,344,796,1152,0.0,669,93.84
5GS6:A,APB03017,90.598,351,6,11,344,667,796,1146,0.0,617,91.17
5GS6:A,ASU55415,93.277,357,10,7,2,344,796,1152,0.0,669,93.84
5GS6:A,ASU55415,90.598,351,6,11,344,667,796,1146,0.0,617,91.17
5GS6:A,AMZ03557,93.277,357,10,7,2,344,796,1152,0.0,669,93.84
5GS6:A,AMZ03557,90.598,351,6,11,344,667,796,1146,0.0,617,91.17
5GS6:A,ATG29280,92.997,357,11,7,2,344,796,1152,0.0,669,93.56
5GS6:A,ATG29280,90.313,351,7,11,344,667,796,1146,0.0,617,90.88
5GS6:A,APH11571,92.997,357,11,7,2,344,796,1152,0.0,669,93.56
5GS6:A,APH11571,90.313,351,7,11,344,667,796,1146,0.0,617,90.88
5GS6:A,AMQ48986,92.997,357,11,7,2,344,796,1152,0.0,669,93.84
5GS6:A,AMQ48986,90.313,351,7,11,344,667,796,1146,0.0,617,91.17
5GS6:A,ATG29285,92.997,357,11,7,2,344,796,1152,0.0,669,93.56
5GS6:A,ATG29285,90.313,351,7,11,344,667,796,1146,0.0,617,90.88
5GS6:A,AUI42194,92.997,357,11,7,2,344,796,1152,0.0,669,93.84
5GS6:A,AUI42194,90.313,351,7,11,344,667,796,1146,0.0,617,91.17
5GS6:A,ATG29301,92.997,357,11,7,2,344,796,1152,0.0,669,93.56
5GS6:A,ATG29301,90.313,351,7,11,344,667,796,1146,0.0,617,90.88
5GS6:A,AOG18296,92.997,357,11,7,2,344,796,1152,0.0,669,93.84
5GS6:A,AOG18296,90.313,351,7,11,344,667,796,1146,0.0,617,91.17
5GS6:A,AOO19564,92.997,357,11,7,2,344,796,1152,0.0,669,93.84
5GS6:A,AOO19564,90.313,351,7,11,344,667,796,1146,0.0,617,91.17
5GS6:A,ASK51714,92.717,357,12,7,2,344,796,1152,0.0,669,93.84
5GS6:A,ASK51714,90.028,351,8,11,344,667,796,1146,0.0,617,91.17
5GS6:A,ACD75819,92.717,357,12,7,2,344,796,1152,0.0,669,93.56
5GS6:A,ACD75819,90.313,351,7,11,344,667,796,1146,0.0,618,90.88
5GS6:A,ARB07988,92.997,357,11,7,2,344,796,1152,0.0,669,93.84
5GS6:A,ARB07988,90.313,351,7,11,344,667,796,1146,0.0,617,91.17
5GS6:A,AOY08536,92.997,357,11,7,2,344,796,1152,0.0,669,93.56
5GS6:A,AOY08536,90.313,351,7,11,344,667,796,1146,0.0,617,90.88
5GS6:A,AUD54964,92.997,357,11,7,2,344,796,1152,0.0,669,93.84
5GS6:A,AUD54964,90.313,351,7,11,344,667,796,1146,0.0,617,91.17
5GS6:A,ARB07932,92.997,357,11,7,2,344,796,1152,0.0,668,93.84
5GS6:A,ARB07932,90.313,351,7,11,344,667,796,1146,0.0,616,91.17
5GS6:A,ARB07936,92.997,357,11,7,2,344,796,1152,0.0,668,93.84
5GS6:A,ARB07936,90.598,351,6,11,344,667,796,1146,0.0,619,91.45
5GS6:A,ARB07954,92.997,357,11,7,2,344,796,1152,0.0,668,93.56
5GS6:A,ARB07954,90.313,351,7,11,344,667,796,1146,0.0,617,90.88
5GS6:A,AQX32984,92.997,357,11,7,2,344,796,1152,0.0,668,93.56
5GS6:A,AQX32984,90.313,351,7,11,344,667,796,1146,0.0,617,90.88
5GS6:A,ARB07935,92.997,357,11,7,2,344,796,1152,0.0,668,93.84
5GS6:A,ARB07935,90.313,351,7,11,344,667,796,1146,0.0,616,91.17
5GS6:A,APO39237,92.997,357,11,7,2,344,796,1152,0.0,668,93.84
5GS6:A,APO39237,90.313,351,7,11,344,667,796,1146,0.0,616,91.17
5GS6:A,ASU55393,92.997,357,11,7,2,344,796,1152,0.0,668,93.84
5GS6:A,ASU55393,90.313,351,7,11,344,667,796,1146,0.0,616,91.17
5GS6:A,ARM59239,92.997,357,11,7,2,344,796,1152,0.0,668,93.84
5GS6:A,ARM59239,90.598,351,6,11,344,667,796,1146,0.0,617,91.17
5GS6:A,ASU55408,92.997,357,11,7,2,344,796,1152,0.0,668,93.84
5GS6:A,ASU55408,90.313,351,7,11,344,667,796,1146,0.0,616,91.17
5GS6:A,ASL68979,92.997,357,11,7,2,344,796,1152,0.0,667,93.56
5GS6:A,ASL68979,90.313,351,7,11,344,667,796,1146,0.0,615,90.88
5GS6:A,ARB07957,92.717,357,12,7,2,344,796,1152,0.0,667,93.56
5GS6:A,ARB07957,90.028,351,8,11,344,667,796,1146,0.0,616,90.88
5GS6:A,AMK49164,92.997,357,11,7,2,344,796,1152,0.0,667,93.84
5GS6:A,AMK49164,90.313,351,7,11,344,667,796,1146,0.0,616,91.17
5GS6:A,ATG29299,92.997,357,11,7,2,344,796,1152,0.0,667,93.56
5GS6:A,ATG29299,90.313,351,7,11,344,667,796,1146,0.0,616,90.88
5GS6:A,AQW43708,92.717,357,12,7,2,344,796,1152,0.0,667,93.56
5GS6:A,AQW43708,90.028,351,8,11,344,667,796,1146,0.0,615,90.88
5GS6:A,AOC50654,92.997,357,11,7,2,344,796,1152,0.0,667,93.56
5GS6:A,AOC50654,90.313,351,7,11,344,667,796,1146,0.0,615,90.88
5GS6:A,APH11538,92.997,357,11,7,2,344,796,1152,0.0,667,93.56
5GS6:A,APH11538,90.313,351,7,11,344,667,796,1146,0.0,615,90.88
5GS6:A,AMB18850,92.717,357,12,7,2,344,796,1152,0.0,667,93.84
5GS6:A,AMB18850,90.028,351,8,11,344,667,796,1146,0.0,615,91.17
5GS6:A,ANB66184,92.997,357,11,7,2,344,796,1152,0.0,667,93.84
5GS6:A,ANB66184,90.313,351,7,11,344,667,796,1146,0.0,615,91.17
5GS6:A,ASU55403,92.997,357,11,7,2,344,796,1152,0.0,667,93.56
5GS6:A,ASU55403,90.313,351,7,11,344,667,796,1146,0.0,615,90.88
5GS6:A,AYI50389,92.997,357,11,7,2,344,796,1152,0.0,667,93.56
5GS6:A,AYI50389,90.313,351,7,11,344,667,796,1146,0.0,615,90.88
5GS6:A,AYI50390,92.997,357,11,7,2,344,796,1152,0.0,667,93.56
5GS6:A,AYI50390,90.313,351,7,11,344,667,796,1146,0.0,615,90.88
5GS6:A,ANB66183,92.997,357,11,7,2,344,796,1152,0.0,667,93.56
5GS6:A,ANB66183,90.313,351,7,11,344,667,796,1146,0.0,615,90.88
5GS6:A,ASU55396,92.997,357,11,7,2,344,796,1152,0.0,667,93.56
5GS6:A,ASU55396,90.313,351,7,11,344,667,796,1146,0.0,615,90.88
5GS6:A,ASU55399,92.997,357,11,7,2,344,796,1152,0.0,667,93.84
5GS6:A,ASU55399,90.313,351,7,11,344,667,796,1146,0.0,615,91.17
5GS6:A,AOE22997,92.997,357,11,7,2,344,796,1152,0.0,666,93.56
5GS6:A,AOE22997,90.313,351,7,11,344,667,796,1146,0.0,615,90.88
5GS6:A,ARB07996,92.997,357,11,7,2,344,796,1152,0.0,666,93.84
5GS6:A,ARB07996,90.313,351,7,11,344,667,796,1146,0.0,614,91.17
5GS6:A,ARB07978,92.997,357,11,7,2,344,796,1152,0.0,666,93.56
5GS6:A,ARB07978,90.313,351,7,11,344,667,796,1146,0.0,615,90.88
5GS6:A,AOR87336,92.997,357,11,7,2,344,796,1152,0.0,666,93.56
5GS6:A,AOR87336,90.313,351,7,11,344,667,796,1146,0.0,615,90.88
5GS6:A,AYI50392,92.997,357,11,7,2,344,796,1152,0.0,666,93.56
5GS6:A,AYI50392,90.313,351,7,11,344,667,796,1146,0.0,614,90.88
5GS6:A,ASU55409,92.997,357,11,7,2,344,796,1152,0.0,665,93.56
5GS6:A,ASU55409,90.313,351,7,11,344,667,796,1146,0.0,613,90.88
5GS6:A,ARB07927,92.717,357,12,7,2,344,796,1152,0.0,665,93.56
5GS6:A,ARB07927,90.028,351,8,11,344,667,796,1146,0.0,613,90.88
5GS6:A,ASU55400,92.717,357,12,7,2,344,796,1152,0.0,665,93.56
5GS6:A,ASU55400,90.028,351,8,11,344,667,796,1146,0.0,613,90.88
5GS6:A,ANS60026,92.717,357,12,7,2,344,796,1152,0.0,665,93.56
5GS6:A,ANS60026,90.028,351,8,11,344,667,796,1146,0.0,613,90.88
5GS6:A,AEN75265,91.317,357,17,7,2,344,790,1146,0.0,662,93.84
5GS6:A,AEN75265,88.889,351,12,11,344,667,790,1140,0.0,611,91.17
5GS6:A,AMR68906,91.317,357,17,7,2,344,790,1146,0.0,662,93.84
5GS6:A,AMR68906,88.889,351,12,11,344,667,790,1140,0.0,611,91.17
5GS6:A,AMK79469,92.157,357,14,7,2,344,796,1152,0.0,659,93.00
5GS6:A,AMK79469,89.459,351,10,11,344,667,796,1146,0.0,607,90.31
5GS6:A,ATG29278,91.317,357,17,7,2,344,796,1152,0.0,655,91.88
5GS6:A,ATG29278,88.604,351,13,11,344,667,796,1146,0.0,603,89.17
5GS6:A,ARB07931,91.317,357,17,7,2,344,796,1152,0.0,654,92.16
5GS6:A,ARB07931,88.604,351,13,11,344,667,796,1146,0.0,603,89.46
5GS6:A,ASL68973,90.756,357,19,6,2,344,796,1152,0.0,654,91.32
5GS6:A,ASL68973,88.034,351,15,10,344,667,796,1146,0.0,602,88.60
5GS6:A,ATG29273,91.036,357,18,7,2,344,796,1152,0.0,649,91.60
5GS6:A,ATG29273,88.604,351,13,11,344,667,796,1146,0.0,598,89.17
5GS6:A,AOY08534,80.672,357,55,7,2,344,796,1152,3.06e-180,566,81.23
5GS6:A,AOY08534,77.778,351,51,11,344,667,796,1146,2.91e-162,514,78.35
5GS6:A,ARB07926,80.392,357,56,7,2,344,796,1152,2.74e-179,563,80.95
5GS6:A,ARB07926,77.493,351,52,11,344,667,796,1146,2.53e-161,511,78.06
5GS6:A,ARB07968,80.112,357,57,7,2,344,796,1152,1.21e-178,561,80.67
5GS6:A,ARB07968,77.208,351,53,11,344,667,796,1146,1.07e-160,509,77.78
5GS6:A,ARB07974,67.507,357,102,7,2,344,796,1152,6.47e-138,444,68.07
5GS6:A,ARB07974,69.737,228,45,8,344,547,796,1023,2.12e-83,285,70.61
5GS6:A,ARB07974,97.143,70,0,2,600,667,1077,1146,8.21e-35,139,97.14


