5IY3:A,AVV62004,95.055,182,5,4,1,178,971,1152,6.65e-110,349,95.60
5IY3:A,AVV62004,97.175,177,1,4,172,344,970,1146,9.69e-110,348,97.74
5IY3:A,AQS26828,96.111,180,3,4,1,176,971,1150,6.78e-110,349,96.11
5IY3:A,AQS26828,97.175,177,1,4,172,344,970,1146,8.22e-110,349,97.74
5IY3:A,AQX32988,96.111,180,3,4,1,176,971,1150,7.32e-110,349,96.11
5IY3:A,AQX32988,97.175,177,1,4,172,344,970,1146,8.97e-110,348,97.74
5IY3:A,AOY08517,96.111,180,3,4,1,176,971,1150,7.46e-110,349,96.11
5IY3:A,AOY08517,97.175,177,1,4,172,344,970,1146,9.05e-110,348,97.74
5IY3:A,AOY08541,96.111,180,3,4,1,176,971,1150,7.46e-110,349,96.11
5IY3:A,AOY08541,97.175,177,1,4,172,344,970,1146,9.05e-110,348,97.74
5IY3:A,BAX00477,95.055,182,5,4,1,178,971,1152,7.54e-110,349,95.60
5IY3:A,BAX00477,97.175,177,1,4,172,344,970,1146,1.11e-109,348,97.74
5IY3:A,AOC50654,96.629,178,2,4,171,344,969,1146,7.76e-110,349,97.75
5IY3:A,AOC50654,96.111,180,3,4,1,176,971,1150,9.05e-110,348,96.11
5IY3:A,AOY08538,96.111,180,3,4,1,176,971,1150,7.99e-110,349,96.11
5IY3:A,AOY08538,97.175,177,1,4,172,344,970,1146,9.69e-110,348,97.74
5IY3:A,ATG29315,96.111,180,3,4,1,176,971,1150,7.99e-110,349,96.11
5IY3:A,ATG29315,97.175,177,1,4,172,344,970,1146,9.69e-110,348,97.74
5IY3:A,ARB07960,96.111,180,3,4,1,176,971,1150,7.99e-110,349,96.11
5IY3:A,ARB07960,97.175,177,1,4,172,344,970,1146,9.69e-110,348,97.74
5IY3:A,ASL68974,96.111,180,3,4,1,176,971,1150,7.99e-110,349,96.11
5IY3:A,ASL68974,97.175,177,1,4,172,344,970,1146,9.69e-110,348,97.74
5IY3:A,AQM74762,96.111,180,3,4,1,176,971,1150,7.99e-110,349,96.11
5IY3:A,AQM74762,97.175,177,1,4,172,344,970,1146,9.69e-110,348,97.74
5IY3:A,AMM39805,96.111,180,3,4,1,176,971,1150,7.99e-110,349,96.11
5IY3:A,AMM39805,97.175,177,1,4,172,344,970,1146,9.69e-110,348,97.74
5IY3:A,AMK79468,96.111,180,3,4,1,176,971,1150,7.99e-110,349,96.11
5IY3:A,AMK79468,97.175,177,1,4,172,344,970,1146,9.69e-110,348,97.74
5IY3:A,AXF50016,96.111,180,3,4,1,176,971,1150,7.99e-110,349,96.11
5IY3:A,AXF50016,97.175,177,1,4,172,344,970,1146,9.69e-110,348,97.74
5IY3:A,AOY08534,96.111,180,3,4,1,176,971,1150,7.99e-110,349,96.11
5IY3:A,AOY08534,97.175,177,1,4,172,344,970,1146,9.87e-110,348,97.74
5IY3:A,AML82110,96.111,180,3,4,1,176,971,1150,7.99e-110,349,96.11
5IY3:A,AML82110,97.175,177,1,4,172,344,970,1146,9.69e-110,348,97.74
5IY3:A,ARB07926,96.111,180,3,4,1,176,971,1150,8.06e-110,349,96.11
5IY3:A,ARB07926,97.175,177,1,4,172,344,970,1146,1.01e-109,348,97.74
5IY3:A,AWH65849,96.111,180,3,4,1,176,971,1150,8.46e-110,348,96.11
5IY3:A,AWH65849,97.175,177,1,4,172,344,970,1146,1.04e-109,348,97.74
5IY3:A,ANK57897,96.111,180,3,4,1,176,971,1150,8.46e-110,348,96.11
5IY3:A,ANK57897,97.175,177,1,4,172,344,970,1146,1.04e-109,348,97.74
5IY3:A,APH11610,96.111,180,3,4,1,176,971,1150,8.88e-110,348,96.11
5IY3:A,APH11610,97.175,177,1,4,172,344,970,1146,1.08e-109,348,97.74
5IY3:A,AOX49264,96.111,180,3,4,1,176,971,1150,8.88e-110,348,96.11
5IY3:A,AOX49264,97.175,177,1,4,172,344,970,1146,1.09e-109,348,97.74
5IY3:A,ARB07962,96.111,180,3,4,1,176,971,1150,8.88e-110,348,96.11
5IY3:A,ARB07962,97.175,177,1,4,172,344,970,1146,1.09e-109,348,97.74
5IY3:A,AOY08518,96.111,180,3,4,1,176,971,1150,8.88e-110,348,96.11
5IY3:A,AOY08518,97.175,177,1,4,172,344,970,1146,1.09e-109,348,97.74
5IY3:A,ARI68105,96.111,180,3,4,1,176,971,1150,9.05e-110,348,96.11
5IY3:A,ARI68105,97.175,177,1,4,172,344,970,1146,1.11e-109,348,97.74
5IY3:A,APH11492,96.111,180,3,4,1,176,971,1150,9.05e-110,348,96.11
5IY3:A,APH11492,97.175,177,1,4,172,344,970,1146,1.11e-109,348,97.74
5IY3:A,ANO46306,96.111,180,3,4,1,176,971,1150,9.05e-110,348,96.11
5IY3:A,ANO46306,97.175,177,1,4,172,344,970,1146,1.11e-109,348,97.74
5IY3:A,AML81028,96.111,180,3,4,1,176,971,1150,9.05e-110,348,96.11
5IY3:A,AML81028,97.175,177,1,4,172,344,970,1146,1.11e-109,348,97.74
5IY3:A,ATG29295,96.111,180,3,4,1,176,971,1150,9.05e-110,348,96.11
5IY3:A,ATG29295,97.175,177,1,4,172,344,970,1146,1.11e-109,348,97.74
5IY3:A,ARU07183,96.111,180,3,4,1,176,971,1150,9.05e-110,348,96.11
5IY3:A,ARU07183,97.175,177,1,4,172,344,970,1146,1.11e-109,348,97.74
5IY3:A,AMR39831,96.111,180,3,4,1,176,971,1150,9.05e-110,348,96.11
5IY3:A,AMR39831,97.175,177,1,4,172,344,970,1146,1.11e-109,348,97.74
5IY3:A,ARU07074,96.111,180,3,4,1,176,971,1150,9.05e-110,348,96.11
5IY3:A,ARU07074,97.175,177,1,4,172,344,970,1146,1.11e-109,348,97.74
5IY3:A,APR74597,96.111,180,3,4,1,176,971,1150,9.05e-110,348,96.11
5IY3:A,APR74597,97.175,177,1,4,172,344,970,1146,1.11e-109,348,97.74
5IY3:A,ANO46297,96.111,180,3,4,1,176,971,1150,9.05e-110,348,96.11
5IY3:A,ANO46297,97.175,177,1,4,172,344,970,1146,1.11e-109,348,97.74
5IY3:A,ATG29270,96.111,180,3,4,1,176,971,1150,9.05e-110,348,96.11
5IY3:A,ATG29270,97.175,177,1,4,172,344,970,1146,1.11e-109,348,97.74
5IY3:A,APO08503,96.111,180,3,4,1,176,971,1150,9.05e-110,348,96.11
5IY3:A,APO08503,97.175,177,1,4,172,344,970,1146,1.11e-109,348,97.74
5IY3:A,APO39243,96.111,180,3,4,1,176,971,1150,9.05e-110,348,96.11
5IY3:A,APO39243,97.175,177,1,4,172,344,970,1146,1.11e-109,348,97.74
5IY3:A,ARB07930,96.111,180,3,4,1,176,971,1150,9.05e-110,348,96.11
5IY3:A,ARB07930,97.175,177,1,4,172,344,970,1146,1.11e-109,348,97.74
5IY3:A,AOG18295,96.111,180,3,4,1,176,971,1150,9.05e-110,348,96.11
5IY3:A,AOG18295,97.175,177,1,4,172,344,970,1146,1.11e-109,348,97.74
5IY3:A,AMZ03556,96.111,180,3,4,1,176,971,1150,9.05e-110,348,96.11
5IY3:A,AMZ03556,97.175,177,1,4,172,344,970,1146,1.11e-109,348,97.74
5IY3:A,AMC13912,96.111,180,3,4,1,176,971,1150,9.05e-110,348,96.11
5IY3:A,AMC13912,97.175,177,1,4,172,344,970,1146,1.11e-109,348,97.74
5IY3:A,AUF35021,96.111,180,3,4,1,176,971,1150,9.05e-110,348,96.11
5IY3:A,AUF35021,97.175,177,1,4,172,344,970,1146,1.11e-109,348,97.74
5IY3:A,AOY08533,96.111,180,3,4,1,176,971,1150,9.05e-110,348,96.11
5IY3:A,AOY08533,97.175,177,1,4,172,344,970,1146,1.11e-109,348,97.74
5IY3:A,ANW07476,96.111,180,3,4,1,176,971,1150,9.05e-110,348,96.11
5IY3:A,ANW07476,97.175,177,1,4,172,344,970,1146,1.11e-109,348,97.74
5IY3:A,AQM74761,96.111,180,3,4,1,176,971,1150,9.05e-110,348,96.11
5IY3:A,AQM74761,97.175,177,1,4,172,344,970,1146,1.11e-109,348,97.74
5IY3:A,APB03019,96.111,180,3,4,1,176,971,1150,9.05e-110,348,96.11
5IY3:A,APB03019,97.175,177,1,4,172,344,970,1146,1.11e-109,348,97.74
5IY3:A,ANO46298,96.111,180,3,4,1,176,971,1150,9.05e-110,348,96.11
5IY3:A,ANO46298,97.175,177,1,4,172,344,970,1146,1.11e-109,348,97.74
5IY3:A,ARX97119,96.111,180,3,4,1,176,971,1150,9.05e-110,348,96.11
5IY3:A,ARX97119,97.175,177,1,4,172,344,970,1146,1.11e-109,348,97.74
5IY3:A,AWF93617,96.111,180,3,4,1,176,971,1150,9.05e-110,348,96.11
5IY3:A,AWF93617,97.175,177,1,4,172,344,970,1146,1.11e-109,348,97.74
5IY3:A,AQS26808,96.111,180,3,4,1,176,971,1150,9.05e-110,348,96.11
5IY3:A,AQS26808,97.175,177,1,4,172,344,970,1146,1.11e-109,348,97.74
5IY3:A,ATG29291,96.111,180,3,4,1,176,971,1150,9.05e-110,348,96.11
5IY3:A,ATG29291,97.175,177,1,4,172,344,970,1146,1.11e-109,348,97.74
5IY3:A,ANG09399,96.111,180,3,4,1,176,971,1150,9.05e-110,348,96.11
5IY3:A,ANG09399,97.175,177,1,4,172,344,970,1146,1.11e-109,348,97.74
5IY3:A,AMM43326,96.111,180,3,4,1,176,971,1150,9.05e-110,348,96.11
5IY3:A,AMM43326,97.175,177,1,4,172,344,970,1146,1.11e-109,348,97.74
5IY3:A,ASU55416,96.111,180,3,4,1,176,971,1150,9.05e-110,348,96.11
5IY3:A,ASU55416,97.175,177,1,4,172,344,970,1146,1.11e-109,348,97.74
5IY3:A,AMA12085,96.111,180,3,4,1,176,971,1150,9.05e-110,348,96.11
5IY3:A,AMA12085,97.175,177,1,4,172,344,970,1146,1.11e-109,348,97.74
5IY3:A,ARB07976,96.111,180,3,4,1,176,971,1150,9.05e-110,348,96.11
5IY3:A,ARB07976,97.175,177,1,4,172,344,970,1146,1.11e-109,348,97.74
5IY3:A,APB03018,96.111,180,3,4,1,176,971,1150,9.05e-110,348,96.11
5IY3:A,APB03018,97.175,177,1,4,172,344,970,1146,1.11e-109,348,97.74
5IY3:A,AQS26814,96.111,180,3,4,1,176,971,1150,9.05e-110,348,96.11
5IY3:A,AQS26814,97.175,177,1,4,172,344,970,1146,1.11e-109,348,97.74
5IY3:A,AWF93619,96.111,180,3,4,1,176,971,1150,9.05e-110,348,96.11
5IY3:A,AWF93619,97.175,177,1,4,172,344,970,1146,1.11e-109,348,97.74
5IY3:A,AMX81918,96.111,180,3,4,1,176,971,1150,9.05e-110,348,96.11
5IY3:A,AMX81918,97.175,177,1,4,172,344,970,1146,1.11e-109,348,97.74
5IY3:A,ATI21641,96.111,180,3,4,1,176,971,1150,9.05e-110,348,96.11
5IY3:A,ATI21641,97.175,177,1,4,172,344,970,1146,1.11e-109,348,97.74
5IY3:A,ALX35659,96.111,180,3,4,1,176,971,1150,9.05e-110,348,96.11
5IY3:A,ALX35659,97.175,177,1,4,172,344,970,1146,1.11e-109,348,97.74
5IY3:A,AMH87239,96.111,180,3,4,1,176,971,1150,9.05e-110,348,96.11
5IY3:A,AMH87239,97.175,177,1,4,172,344,970,1146,1.11e-109,348,97.74
5IY3:A,ANO46305,96.111,180,3,4,1,176,971,1150,9.05e-110,348,96.11
5IY3:A,ANO46305,97.175,177,1,4,172,344,970,1146,1.11e-109,348,97.74
5IY3:A,AMA12084,96.111,180,3,4,1,176,971,1150,9.05e-110,348,96.11
5IY3:A,AMA12084,97.175,177,1,4,172,344,970,1146,1.11e-109,348,97.74
5IY3:A,AQZ41955,96.111,180,3,4,1,176,971,1150,9.05e-110,348,96.11
5IY3:A,AQZ41955,97.175,177,1,4,172,344,970,1146,1.11e-109,348,97.74
5IY3:A,APO36913,96.111,180,3,4,1,176,971,1150,9.05e-110,348,96.11
5IY3:A,APO36913,97.175,177,1,4,172,344,970,1146,1.11e-109,348,97.74
5IY3:A,AMX81915,96.111,180,3,4,1,176,971,1150,9.05e-110,348,96.11
5IY3:A,AMX81915,97.175,177,1,4,172,344,970,1146,1.11e-109,348,97.74
5IY3:A,APC60215,96.111,180,3,4,1,176,971,1150,9.05e-110,348,96.11
5IY3:A,APC60215,97.175,177,1,4,172,344,970,1146,1.11e-109,348,97.74
5IY3:A,AOY08527,96.111,180,3,4,1,176,971,1150,9.05e-110,348,96.11
5IY3:A,AOY08527,97.175,177,1,4,172,344,970,1146,1.11e-109,348,97.74
5IY3:A,AQS26806,96.111,180,3,4,1,176,971,1150,9.05e-110,348,96.11
5IY3:A,AQS26806,97.175,177,1,4,172,344,970,1146,1.11e-109,348,97.74
5IY3:A,AVG19275,96.111,180,3,4,1,176,971,1150,9.05e-110,348,96.11
5IY3:A,AVG19275,97.175,177,1,4,172,344,970,1146,1.11e-109,348,97.74
5IY3:A,AYI50273,96.111,180,3,4,1,176,971,1150,9.05e-110,348,96.11
5IY3:A,AYI50273,97.175,177,1,4,172,344,970,1146,1.11e-109,348,97.74
5IY3:A,ATG29302,96.111,180,3,4,1,176,971,1150,9.05e-110,348,96.11
5IY3:A,ATG29302,97.175,177,1,4,172,344,970,1146,1.11e-109,348,97.74
5IY3:A,ATG29307,96.111,180,3,4,1,176,971,1150,9.05e-110,348,96.11
5IY3:A,ATG29307,97.175,177,1,4,172,344,970,1146,1.11e-109,348,97.74
5IY3:A,AOW32303,96.111,180,3,4,1,176,971,1150,9.05e-110,348,96.11
5IY3:A,AOW32303,97.175,177,1,4,172,344,970,1146,1.11e-109,348,97.74
5IY3:A,AQZ41956,96.111,180,3,4,1,176,971,1150,9.05e-110,348,96.11
5IY3:A,AQZ41956,97.175,177,1,4,172,344,970,1146,1.11e-109,348,97.74
5IY3:A,AMC13913,96.111,180,3,4,1,176,971,1150,9.05e-110,348,96.11
5IY3:A,AMC13913,97.175,177,1,4,172,344,970,1146,1.11e-109,348,97.74
5IY3:A,ASU55505,96.111,180,3,4,1,176,971,1150,9.05e-110,348,96.11
5IY3:A,ASU55505,97.175,177,1,4,172,344,970,1146,1.11e-109,348,97.74
5IY3:A,AOY08540,96.111,180,3,4,1,176,971,1150,9.05e-110,348,96.11
5IY3:A,AOY08540,97.175,177,1,4,172,344,970,1146,1.11e-109,348,97.74
5IY3:A,ATG29284,96.111,180,3,4,1,176,971,1150,9.05e-110,348,96.11
5IY3:A,ATG29284,97.175,177,1,4,172,344,970,1146,1.11e-109,348,97.74
5IY3:A,ATG29306,96.111,180,3,4,1,176,971,1150,9.05e-110,348,96.11
5IY3:A,ATG29306,97.175,177,1,4,172,344,970,1146,1.11e-109,348,97.74
5IY3:A,AMU04506,96.111,180,3,4,1,176,971,1150,9.05e-110,348,96.11
5IY3:A,AMU04506,97.175,177,1,4,172,344,970,1146,1.11e-109,348,97.74
5IY3:A,ANO46309,96.111,180,3,4,1,176,971,1150,9.05e-110,348,96.11
5IY3:A,ANO46309,97.175,177,1,4,172,344,970,1146,1.11e-109,348,97.74
5IY3:A,ANO46307,96.111,180,3,4,1,176,971,1150,9.05e-110,348,96.11
5IY3:A,ANO46307,97.175,177,1,4,172,344,970,1146,1.11e-109,348,97.74
5IY3:A,AQZ41953,96.111,180,3,4,1,176,971,1150,9.05e-110,348,96.11
5IY3:A,AQZ41953,97.175,177,1,4,172,344,970,1146,1.11e-109,348,97.74
5IY3:A,AMX81919,96.111,180,3,4,1,176,971,1150,9.05e-110,348,96.11
5IY3:A,AMX81919,97.175,177,1,4,172,344,970,1146,1.11e-109,348,97.74
5IY3:A,ASU55417,96.111,180,3,4,1,176,971,1150,9.05e-110,348,96.11
5IY3:A,ASU55417,97.175,177,1,4,172,344,970,1146,1.11e-109,348,97.74
5IY3:A,AUF35022,96.111,180,3,4,1,176,971,1150,9.05e-110,348,96.11
5IY3:A,AUF35022,97.175,177,1,4,172,344,970,1146,1.11e-109,348,97.74
5IY3:A,ATG29287,96.111,180,3,4,1,176,971,1150,9.05e-110,348,96.11
5IY3:A,ATG29287,97.175,177,1,4,172,344,970,1146,1.11e-109,348,97.74
5IY3:A,AMQ48981,96.111,180,3,4,1,176,971,1150,9.05e-110,348,96.11
5IY3:A,AMQ48981,97.175,177,1,4,172,344,970,1146,1.11e-109,348,97.74
5IY3:A,ANO46302,96.111,180,3,4,1,176,971,1150,9.05e-110,348,96.11
5IY3:A,ANO46302,97.175,177,1,4,172,344,970,1146,1.11e-109,348,97.74
5IY3:A,AMC13911,96.111,180,3,4,1,176,971,1150,9.05e-110,348,96.11
5IY3:A,AMC13911,97.175,177,1,4,172,344,970,1146,1.11e-109,348,97.74
5IY3:A,ANO46304,96.111,180,3,4,1,176,971,1150,9.05e-110,348,96.11
5IY3:A,ANO46304,97.175,177,1,4,172,344,970,1146,1.11e-109,348,97.74
5IY3:A,AQZ41954,96.111,180,3,4,1,176,971,1150,9.05e-110,348,96.11
5IY3:A,AQZ41954,97.175,177,1,4,172,344,970,1146,1.11e-109,348,97.74
5IY3:A,AHZ13508,96.111,180,3,4,1,176,971,1150,9.05e-110,348,96.11
5IY3:A,AHZ13508,97.175,177,1,4,172,344,970,1146,1.11e-109,348,97.74
5IY3:A,AMA12087,96.111,180,3,4,1,176,971,1150,9.05e-110,348,96.11
5IY3:A,AMA12087,97.175,177,1,4,172,344,970,1146,1.11e-109,348,97.74
5IY3:A,AMK49165,96.111,180,3,4,1,176,971,1150,9.05e-110,348,96.11
5IY3:A,AMK49165,97.175,177,1,4,172,344,970,1146,1.11e-109,348,97.74
5IY3:A,ARB08102,96.111,180,3,4,1,176,971,1150,9.05e-110,348,96.11
5IY3:A,ARB08102,97.175,177,1,4,172,344,970,1146,1.11e-109,348,97.74
5IY3:A,ATG29276,96.111,180,3,4,1,176,971,1150,9.05e-110,348,96.11
5IY3:A,ATG29276,97.175,177,1,4,172,344,970,1146,1.11e-109,348,97.74
5IY3:A,ANN44857,96.111,180,3,4,1,176,971,1150,9.05e-110,348,96.11
5IY3:A,ANN44857,97.175,177,1,4,172,344,970,1146,1.11e-109,348,97.74
5IY3:A,AQW43707,96.111,180,3,4,1,176,971,1150,9.05e-110,348,96.11
5IY3:A,AQW43707,97.175,177,1,4,172,344,970,1146,1.11e-109,348,97.74
5IY3:A,ANO46301,96.111,180,3,4,1,176,971,1150,9.05e-110,348,96.11
5IY3:A,ANO46301,97.175,177,1,4,172,344,970,1146,1.11e-109,348,97.74
5IY3:A,ATG29292,96.111,180,3,4,1,176,971,1150,9.05e-110,348,96.11
5IY3:A,ATG29292,97.175,177,1,4,172,344,970,1146,1.11e-109,348,97.74
5IY3:A,APO39229,96.111,180,3,4,1,176,971,1150,9.05e-110,348,96.11
5IY3:A,APO39229,97.175,177,1,4,172,344,970,1146,1.11e-109,348,97.74
5IY3:A,APY24200,96.111,180,3,4,1,176,971,1150,9.05e-110,348,96.11
5IY3:A,APY24200,97.175,177,1,4,172,344,970,1146,1.11e-109,348,97.74
5IY3:A,APY24199,96.111,180,3,4,1,176,971,1150,9.05e-110,348,96.11
5IY3:A,APY24199,97.175,177,1,4,172,344,970,1146,1.11e-109,348,97.74
5IY3:A,AMD16557,96.111,180,3,4,1,176,971,1150,9.05e-110,348,96.11
5IY3:A,AMD16557,97.175,177,1,4,172,344,970,1146,1.11e-109,348,97.74
5IY3:A,AOC50652,96.111,180,3,4,1,176,971,1150,9.05e-110,348,96.11
5IY3:A,AOC50652,97.175,177,1,4,172,344,970,1146,1.11e-109,348,97.74
5IY3:A,AMA12086,96.111,180,3,4,1,176,971,1150,9.05e-110,348,96.11
5IY3:A,AMA12086,97.175,177,1,4,172,344,970,1146,1.11e-109,348,97.74
5IY3:A,AWF93618,96.111,180,3,4,1,176,971,1150,9.05e-110,348,96.11
5IY3:A,AWF93618,97.175,177,1,4,172,344,970,1146,1.11e-109,348,97.74
5IY3:A,AVZ25033,96.111,180,3,4,1,176,971,1150,9.05e-110,348,96.11
5IY3:A,AVZ25033,97.175,177,1,4,172,344,970,1146,1.11e-109,348,97.74
5IY3:A,ASL68973,96.111,180,3,4,1,176,971,1150,9.05e-110,348,96.11
5IY3:A,ASL68973,97.175,177,1,4,172,344,970,1146,1.11e-109,348,97.74
5IY3:A,AQU12485,96.111,180,3,4,1,176,971,1150,9.05e-110,348,96.11
5IY3:A,AQU12485,97.175,177,1,4,172,344,970,1146,1.11e-109,348,97.74
5IY3:A,AOY08522,96.111,180,3,4,1,176,971,1150,9.32e-110,348,96.11
5IY3:A,AOY08522,97.175,177,1,4,172,344,970,1146,1.14e-109,348,97.74
5IY3:A,ARB07941,96.111,180,3,4,1,176,971,1150,9.41e-110,348,96.11
5IY3:A,ARB07941,97.175,177,1,4,172,344,970,1146,1.16e-109,348,97.74
5IY3:A,AOI20067,96.111,180,3,4,1,176,971,1150,9.50e-110,348,96.11
5IY3:A,AOI20067,97.175,177,1,4,172,344,970,1146,1.16e-109,348,97.74
5IY3:A,AMB37295,96.111,180,3,4,1,176,971,1150,9.50e-110,348,96.11
5IY3:A,AMB37295,97.175,177,1,4,172,344,970,1146,1.16e-109,348,97.74
5IY3:A,ANC90426,96.111,180,3,4,1,176,971,1150,9.50e-110,348,96.11
5IY3:A,ANC90426,97.175,177,1,4,172,344,970,1146,1.16e-109,348,97.74
5IY3:A,ALU33341,96.111,180,3,4,1,176,971,1150,9.50e-110,348,96.11
5IY3:A,ALU33341,97.175,177,1,4,172,344,970,1146,1.16e-109,348,97.74
5IY3:A,ALL27019,96.111,180,3,4,1,176,973,1152,9.50e-110,348,96.11
5IY3:A,ALL27019,97.175,177,1,4,172,344,972,1148,1.16e-109,348,97.74
5IY3:A,ARB07964,96.111,180,3,4,1,176,971,1150,9.78e-110,348,96.11
5IY3:A,ARB07964,97.175,177,1,4,172,344,970,1146,1.17e-109,348,97.74
5IY3:A,ARB07939,96.111,180,3,4,1,176,971,1150,9.78e-110,348,96.11
5IY3:A,ARB07939,97.175,177,1,4,172,344,970,1146,1.20e-109,348,97.74
5IY3:A,APG56458,96.111,180,3,4,1,176,971,1150,9.87e-110,348,96.11
5IY3:A,APG56458,97.175,177,1,4,172,344,970,1146,1.21e-109,348,97.74
5IY3:A,APC60216,96.111,180,3,4,1,176,971,1150,1.01e-109,348,96.11
5IY3:A,APC60216,97.175,177,1,4,172,344,970,1146,1.23e-109,348,97.74
5IY3:A,AQZ41950,96.111,180,3,4,1,176,971,1150,1.01e-109,348,96.11
5IY3:A,AQZ41950,97.175,177,1,4,172,344,970,1146,1.23e-109,348,97.74
5IY3:A,AQZ41949,96.111,180,3,4,1,176,971,1150,1.01e-109,348,96.11
5IY3:A,AQZ41949,97.175,177,1,4,172,344,970,1146,1.23e-109,348,97.74
5IY3:A,ATG29303,96.111,180,3,4,1,176,971,1150,1.01e-109,348,96.11
5IY3:A,ATG29303,97.175,177,1,4,172,344,970,1146,1.23e-109,348,97.74
5IY3:A,ANO46308,96.111,180,3,4,1,176,971,1150,1.01e-109,348,96.11
5IY3:A,ANO46308,97.175,177,1,4,172,344,970,1146,1.23e-109,348,97.74
5IY3:A,AQZ41948,96.111,180,3,4,1,176,971,1150,1.01e-109,348,96.11
5IY3:A,AQZ41948,97.175,177,1,4,172,344,970,1146,1.23e-109,348,97.74
5IY3:A,ARB07967,96.111,180,3,4,1,176,971,1150,1.01e-109,348,96.11
5IY3:A,ARB07967,97.175,177,1,4,172,344,970,1146,1.23e-109,348,97.74
5IY3:A,AQZ41947,96.111,180,3,4,1,176,971,1150,1.01e-109,348,96.11
5IY3:A,AQZ41947,97.175,177,1,4,172,344,970,1146,1.23e-109,348,97.74
5IY3:A,AQZ41952,96.111,180,3,4,1,176,971,1150,1.01e-109,348,96.11
5IY3:A,AQZ41952,97.175,177,1,4,172,344,970,1146,1.23e-109,348,97.74
5IY3:A,ASL68978,96.111,180,3,4,1,176,971,1150,1.01e-109,348,96.11
5IY3:A,ASL68978,97.175,177,1,4,172,344,970,1146,1.23e-109,348,97.74
5IY3:A,AQZ41951,96.111,180,3,4,1,176,971,1150,1.01e-109,348,96.11
5IY3:A,AQZ41951,97.175,177,1,4,172,344,970,1146,1.23e-109,348,97.74
5IY3:A,AVZ47169,96.111,180,3,4,1,176,971,1150,1.01e-109,348,96.11
5IY3:A,AVZ47169,97.175,177,1,4,172,344,970,1146,1.23e-109,348,97.74
5IY3:A,AMX81916,96.111,180,3,4,1,176,971,1150,1.01e-109,348,96.11
5IY3:A,AMX81916,97.175,177,1,4,172,344,970,1146,1.23e-109,348,97.74
5IY3:A,BBC70847,96.111,180,3,4,1,176,971,1150,1.01e-109,348,96.11
5IY3:A,BBC70847,97.175,177,1,4,172,344,970,1146,1.23e-109,348,97.74
5IY3:A,AQX32984,96.111,180,3,4,1,176,971,1150,1.01e-109,348,96.11
5IY3:A,AQX32984,97.175,177,1,4,172,344,970,1146,1.23e-109,348,97.74
5IY3:A,AOY08531,96.111,180,3,4,1,176,971,1150,1.01e-109,348,96.11
5IY3:A,AOY08531,97.175,177,1,4,172,344,970,1146,1.23e-109,348,97.74
5IY3:A,AOY08528,96.111,180,3,4,1,176,971,1150,1.01e-109,348,96.11
5IY3:A,AOY08528,97.175,177,1,4,172,344,970,1146,1.23e-109,348,97.74
5IY3:A,AQX32985,96.111,180,3,4,1,176,971,1150,1.01e-109,348,96.11
5IY3:A,AQX32985,97.175,177,1,4,172,344,970,1146,1.23e-109,348,97.74
5IY3:A,APO08504,96.111,180,3,4,1,176,971,1150,1.01e-109,348,96.11
5IY3:A,APO08504,97.175,177,1,4,172,344,970,1146,1.23e-109,348,97.74
5IY3:A,ATG29273,96.111,180,3,4,1,176,971,1150,1.02e-109,348,96.11
5IY3:A,ATG29273,97.175,177,1,4,172,344,970,1146,1.23e-109,348,97.74
5IY3:A,ARB07945,96.111,180,3,4,1,176,971,1150,1.02e-109,348,96.11
5IY3:A,ARB07945,97.175,177,1,4,172,344,970,1146,1.23e-109,348,97.74
5IY3:A,ARB07991,96.111,180,3,4,1,176,971,1150,1.05e-109,348,96.11
5IY3:A,ARB07991,97.175,177,1,4,172,344,970,1146,1.29e-109,348,97.74
5IY3:A,AQS26698,96.111,180,3,4,1,176,967,1146,1.10e-109,348,96.11
5IY3:A,AQS26698,97.175,177,1,4,172,344,966,1142,1.34e-109,348,97.74
5IY3:A,AMQ76465,96.111,180,3,4,1,176,971,1150,1.10e-109,348,96.11
5IY3:A,AMQ76465,97.175,177,1,4,172,344,970,1146,1.34e-109,348,97.74
5IY3:A,AQS26816,97.175,177,1,4,172,344,970,1146,1.11e-109,348,97.74
5IY3:A,AQS26816,95.556,180,4,4,1,176,971,1150,3.11e-109,347,95.56
5IY3:A,ANQ92019,96.111,180,3,4,1,176,971,1150,1.12e-109,348,96.11
5IY3:A,ANQ92019,97.175,177,1,4,172,344,970,1146,1.37e-109,348,97.74
5IY3:A,ATG29267,96.111,180,3,4,1,176,971,1150,1.12e-109,348,96.11
5IY3:A,ATG29267,97.175,177,1,4,172,344,970,1146,1.37e-109,348,97.74
5IY3:A,AMX81917,96.111,180,3,4,1,176,971,1150,1.12e-109,348,96.11
5IY3:A,AMX81917,97.175,177,1,4,172,344,970,1146,1.37e-109,348,97.74
5IY3:A,AXY03803,96.111,180,3,4,1,176,971,1150,1.14e-109,348,96.11
5IY3:A,AXY03803,97.175,177,1,4,172,344,970,1146,1.40e-109,348,97.74
5IY3:A,ATG29297,96.111,180,3,4,1,176,971,1150,1.15e-109,348,96.11
5IY3:A,ATG29297,97.175,177,1,4,172,344,970,1146,1.40e-109,348,97.74
5IY3:A,AQS26822,95.556,180,4,4,1,176,971,1150,1.47e-109,348,96.11
5IY3:A,AQS26822,96.610,177,2,4,172,344,970,1146,1.80e-109,348,97.74
5IY3:A,AMK49492,95.556,180,4,4,1,176,971,1150,1.62e-109,348,96.11
5IY3:A,AMK49492,96.610,177,2,4,172,344,970,1146,1.98e-109,348,97.74
5IY3:A,AOO54270,95.556,180,4,4,1,176,971,1150,2.06e-109,348,96.11
5IY3:A,AOO54270,96.610,177,2,4,172,344,970,1146,2.52e-109,347,97.74
5IY3:A,APH11611,95.556,180,4,4,1,176,971,1150,2.06e-109,348,96.11
5IY3:A,APH11611,96.610,177,2,4,172,344,970,1146,2.52e-109,347,97.74
5IY3:A,APG56499,95.556,180,4,4,1,176,971,1150,2.06e-109,348,96.11
5IY3:A,APG56499,96.610,177,2,4,172,344,970,1146,2.52e-109,347,97.74
5IY3:A,AND01116,95.556,180,4,4,1,176,971,1150,2.06e-109,348,96.11
5IY3:A,AND01116,96.610,177,2,4,172,344,970,1146,2.52e-109,347,97.74
5IY3:A,ASW34302,95.556,180,4,4,1,176,971,1150,2.06e-109,348,96.11
5IY3:A,ASW34302,96.610,177,2,4,172,344,970,1146,2.52e-109,347,97.74
5IY3:A,AMD61710,95.556,180,4,4,1,176,971,1150,2.16e-109,347,96.11
5IY3:A,AMD61710,96.610,177,2,4,172,344,970,1146,2.64e-109,347,97.74
5IY3:A,ART29828,95.556,180,4,4,1,176,971,1150,2.16e-109,347,96.11
5IY3:A,ART29828,96.610,177,2,4,172,344,970,1146,2.62e-109,347,97.74
5IY3:A,AMQ48986,95.556,180,4,4,1,176,971,1150,2.33e-109,347,96.11
5IY3:A,AMQ48986,96.610,177,2,4,172,344,970,1146,2.85e-109,347,97.74
5IY3:A,APH11573,95.556,180,4,4,1,176,971,1150,2.85e-109,347,95.56
5IY3:A,APH11573,96.610,177,2,4,172,344,970,1146,3.49e-109,347,97.18
5IY3:A,APY24198,95.556,180,4,4,1,176,971,1150,3.05e-109,347,95.56
5IY3:A,APY24198,96.610,177,2,4,172,344,970,1146,3.70e-109,347,97.18
5IY3:A,ATG29301,95.556,180,4,4,1,176,971,1150,3.05e-109,347,95.56
5IY3:A,ATG29301,96.610,177,2,4,172,344,970,1146,3.70e-109,347,97.18
5IY3:A,AOO19565,95.556,180,4,4,1,176,971,1150,3.11e-109,347,95.56
5IY3:A,AOO19565,96.610,177,2,4,172,344,970,1146,3.77e-109,347,97.18
5IY3:A,APH11571,95.556,180,4,4,1,176,971,1150,3.11e-109,347,95.56
5IY3:A,APH11571,96.610,177,2,4,172,344,970,1146,3.77e-109,347,97.18
5IY3:A,APH11595,95.556,180,4,4,1,176,971,1150,3.11e-109,347,95.56
5IY3:A,APH11595,96.610,177,2,4,172,344,970,1146,3.77e-109,347,97.18
5IY3:A,APH11581,95.556,180,4,4,1,176,971,1150,3.11e-109,347,95.56
5IY3:A,APH11581,96.610,177,2,4,172,344,970,1146,3.77e-109,347,97.18
5IY3:A,APH11512,95.556,180,4,4,1,176,971,1150,3.11e-109,347,95.56
5IY3:A,APH11512,96.610,177,2,4,172,344,970,1146,3.77e-109,347,97.18
5IY3:A,APH11551,95.556,180,4,4,1,176,971,1150,3.11e-109,347,95.56
5IY3:A,APH11551,96.610,177,2,4,172,344,970,1146,3.77e-109,347,97.18
5IY3:A,APH11515,95.556,180,4,4,1,176,971,1150,3.11e-109,347,95.56
5IY3:A,APH11515,96.610,177,2,4,172,344,970,1146,3.77e-109,347,97.18
5IY3:A,APH11560,95.556,180,4,4,1,176,971,1150,3.11e-109,347,95.56
5IY3:A,APH11560,96.610,177,2,4,172,344,970,1146,3.77e-109,347,97.18
5IY3:A,APH11528,95.556,180,4,4,1,176,971,1150,3.11e-109,347,95.56
5IY3:A,APH11528,96.610,177,2,4,172,344,970,1146,3.77e-109,347,97.18
5IY3:A,APH11493,95.556,180,4,4,1,176,971,1150,3.11e-109,347,95.56
5IY3:A,APH11493,96.610,177,2,4,172,344,970,1146,3.77e-109,347,97.18
5IY3:A,APH11543,95.556,180,4,4,1,176,971,1150,3.11e-109,347,95.56
5IY3:A,APH11543,96.610,177,2,4,172,344,970,1146,3.77e-109,347,97.18
5IY3:A,APH11556,95.556,180,4,4,1,176,971,1150,3.11e-109,347,95.56
5IY3:A,APH11556,96.610,177,2,4,172,344,970,1146,3.77e-109,347,97.18
5IY3:A,APH11514,95.556,180,4,4,1,176,971,1150,3.11e-109,347,95.56
5IY3:A,APH11514,96.610,177,2,4,172,344,970,1146,3.77e-109,347,97.18
5IY3:A,APH11566,95.556,180,4,4,1,176,971,1150,3.11e-109,347,95.56
5IY3:A,APH11566,96.610,177,2,4,172,344,970,1146,3.77e-109,347,97.18
5IY3:A,APH11500,95.556,180,4,4,1,176,971,1150,3.11e-109,347,95.56
5IY3:A,APH11500,96.610,177,2,4,172,344,970,1146,3.77e-109,347,97.18
5IY3:A,APH11538,95.556,180,4,4,1,176,971,1150,3.11e-109,347,95.56
5IY3:A,APH11538,96.610,177,2,4,172,344,970,1146,3.77e-109,347,97.18
5IY3:A,APH11552,95.556,180,4,4,1,176,971,1150,3.11e-109,347,95.56
5IY3:A,APH11552,96.610,177,2,4,172,344,970,1146,3.77e-109,347,97.18
5IY3:A,APH11516,95.556,180,4,4,1,176,971,1150,3.11e-109,347,95.56
5IY3:A,APH11516,96.610,177,2,4,172,344,970,1146,3.77e-109,347,97.18
5IY3:A,APH11510,95.556,180,4,4,1,176,971,1150,3.11e-109,347,95.56
5IY3:A,APH11510,96.610,177,2,4,172,344,970,1146,3.77e-109,347,97.18
5IY3:A,APH11508,95.556,180,4,4,1,176,971,1150,3.11e-109,347,95.56
5IY3:A,APH11508,96.610,177,2,4,172,344,970,1146,3.77e-109,347,97.18
5IY3:A,APH11529,95.556,180,4,4,1,176,971,1150,3.11e-109,347,95.56
5IY3:A,APH11529,96.610,177,2,4,172,344,970,1146,3.77e-109,347,97.18
5IY3:A,APH11547,95.556,180,4,4,1,176,971,1150,3.11e-109,347,95.56
5IY3:A,APH11547,96.610,177,2,4,172,344,970,1146,3.77e-109,347,97.18
5IY3:A,ARB07947,95.556,180,4,4,1,176,971,1150,3.14e-109,347,96.11
5IY3:A,ARB07947,96.610,177,2,4,172,344,970,1146,3.81e-109,347,97.74
5IY3:A,AUI42330,95.556,180,4,4,1,176,964,1143,3.27e-109,347,96.11
5IY3:A,AUI42330,96.610,177,2,4,172,344,963,1139,3.96e-109,347,97.74
5IY3:A,ANH21697,95.556,180,4,4,1,176,971,1150,3.27e-109,347,96.11
5IY3:A,ANH21697,96.610,177,2,4,172,344,970,1146,4.00e-109,347,97.74
5IY3:A,ANC90425,95.556,180,4,4,1,176,971,1150,3.33e-109,347,96.11
5IY3:A,ANC90425,96.610,177,2,4,172,344,970,1146,4.08e-109,347,97.74
5IY3:A,AMO03410,95.556,180,4,4,1,176,971,1150,3.33e-109,347,96.11
5IY3:A,AMO03410,96.610,177,2,4,172,344,970,1146,4.08e-109,347,97.74
5IY3:A,AMM39806,95.556,180,4,4,1,176,971,1150,3.33e-109,347,96.11
5IY3:A,AMM39806,96.610,177,2,4,172,344,970,1146,4.08e-109,347,97.74
5IY3:A,AMT75536,95.556,180,4,4,1,176,971,1150,3.33e-109,347,96.11
5IY3:A,AMT75536,96.610,177,2,4,172,344,970,1146,4.08e-109,347,97.74
5IY3:A,AMV49165,95.556,180,4,4,1,176,971,1150,3.33e-109,347,96.11
5IY3:A,AMV49165,96.610,177,2,4,172,344,970,1146,4.08e-109,347,97.74
5IY3:A,AUI42329,95.556,180,4,4,1,176,971,1150,3.33e-109,347,96.11
5IY3:A,AUI42329,96.610,177,2,4,172,344,970,1146,4.08e-109,347,97.74
5IY3:A,AMR39830,95.556,180,4,4,1,176,971,1150,3.33e-109,347,96.11
5IY3:A,AMR39830,96.610,177,2,4,172,344,970,1146,4.08e-109,347,97.74
5IY3:A,AMR68932,95.556,180,4,4,1,176,971,1150,3.33e-109,347,96.11
5IY3:A,AMR68932,96.610,177,2,4,172,344,970,1146,4.08e-109,347,97.74
5IY3:A,ANA12599,95.556,180,4,4,1,176,971,1150,3.33e-109,347,96.11
5IY3:A,ANA12599,96.610,177,2,4,172,344,970,1146,4.08e-109,347,97.74
5IY3:A,ANF16414,95.556,180,4,4,1,176,971,1150,3.33e-109,347,96.11
5IY3:A,ANF16414,96.610,177,2,4,172,344,970,1146,4.08e-109,347,97.74
5IY3:A,ATG29280,95.556,180,4,4,1,176,971,1150,3.39e-109,347,95.56
5IY3:A,ATG29280,96.610,177,2,4,172,344,970,1146,4.12e-109,347,97.18
5IY3:A,APO39232,95.556,180,4,4,1,176,971,1150,3.39e-109,347,96.11
5IY3:A,APO39232,96.610,177,2,4,172,344,970,1146,4.12e-109,347,97.74
5IY3:A,AOY08546,95.556,180,4,4,1,176,971,1150,3.39e-109,347,96.11
5IY3:A,AOY08546,96.610,177,2,4,172,344,970,1146,4.12e-109,347,97.74
5IY3:A,AOO85388,95.556,180,4,4,1,176,971,1150,3.39e-109,347,96.11
5IY3:A,AOO85388,96.610,177,2,4,172,344,970,1146,4.12e-109,347,97.74
5IY3:A,AOY08521,95.556,180,4,4,1,176,971,1150,3.39e-109,347,96.11
5IY3:A,AOY08521,96.610,177,2,4,172,344,970,1146,4.12e-109,347,97.74
5IY3:A,AOS90220,95.556,180,4,4,1,176,971,1150,3.39e-109,347,96.11
5IY3:A,AOS90220,96.610,177,2,4,172,344,970,1146,4.12e-109,347,97.74
5IY3:A,AOS90222,95.556,180,4,4,1,176,971,1150,3.39e-109,347,96.11
5IY3:A,AOS90222,96.610,177,2,4,172,344,970,1146,4.12e-109,347,97.74
5IY3:A,AOS90221,95.556,180,4,4,1,176,971,1150,3.39e-109,347,96.11
5IY3:A,AOS90221,96.610,177,2,4,172,344,970,1146,4.12e-109,347,97.74
5IY3:A,AXF50014,95.556,180,4,4,1,176,971,1150,3.39e-109,347,96.11
5IY3:A,AXF50014,96.610,177,2,4,172,344,970,1146,4.12e-109,347,97.74
5IY3:A,APB03021,95.556,180,4,4,1,176,971,1150,3.39e-109,347,96.11
5IY3:A,APB03021,96.610,177,2,4,172,344,970,1146,4.12e-109,347,97.74
5IY3:A,APO39228,95.556,180,4,4,1,176,971,1150,3.39e-109,347,96.11
5IY3:A,APO39228,96.610,177,2,4,172,344,970,1146,4.12e-109,347,97.74
5IY3:A,AOS90223,95.556,180,4,4,1,176,971,1150,3.39e-109,347,96.11
5IY3:A,AOS90223,96.610,177,2,4,172,344,970,1146,4.12e-109,347,97.74
5IY3:A,APO39237,95.556,180,4,4,1,176,971,1150,3.39e-109,347,96.11
5IY3:A,APO39237,96.610,177,2,4,172,344,970,1146,4.12e-109,347,97.74
5IY3:A,AOO53981,95.556,180,4,4,1,176,971,1150,3.39e-109,347,96.11
5IY3:A,AOO53981,96.610,177,2,4,172,344,970,1146,4.12e-109,347,97.74
5IY3:A,APO39233,95.556,180,4,4,1,176,971,1150,3.39e-109,347,96.11
5IY3:A,APO39233,96.610,177,2,4,172,344,970,1146,4.12e-109,347,97.74
5IY3:A,APO39236,95.556,180,4,4,1,176,971,1150,3.39e-109,347,96.11
5IY3:A,APO39236,96.610,177,2,4,172,344,970,1146,4.12e-109,347,97.74
5IY3:A,AOY08516,95.556,180,4,4,1,176,971,1150,3.39e-109,347,96.11
5IY3:A,AOY08516,96.610,177,2,4,172,344,970,1146,4.12e-109,347,97.74
5IY3:A,AMM43325,95.556,180,4,4,1,176,971,1150,3.43e-109,347,95.56
5IY3:A,AMM43325,96.610,177,2,4,172,344,970,1146,4.20e-109,347,97.18
5IY3:A,APH11534,95.556,180,4,4,1,176,971,1150,3.46e-109,347,95.56
5IY3:A,APH11534,96.610,177,2,4,172,344,970,1146,4.20e-109,347,97.18
5IY3:A,APH11562,95.556,180,4,4,1,176,971,1150,3.46e-109,347,95.56
5IY3:A,APH11562,96.610,177,2,4,172,344,970,1146,4.20e-109,347,97.18
5IY3:A,APH11495,96.610,177,2,4,172,344,970,1146,3.49e-109,347,97.18
5IY3:A,APH11495,95.556,180,4,4,1,176,971,1150,5.50e-109,346,95.56
5IY3:A,AOX49265,95.556,180,4,4,1,176,971,1150,3.49e-109,347,96.11
5IY3:A,AOX49265,96.610,177,2,4,172,344,970,1146,4.28e-109,347,97.74
5IY3:A,APH11509,95.556,180,4,4,1,176,971,1150,3.53e-109,347,95.56
5IY3:A,APH11509,96.610,177,2,4,172,344,970,1146,4.32e-109,347,97.18
5IY3:A,APH11518,95.556,180,4,4,1,176,971,1150,3.53e-109,347,95.56
5IY3:A,APH11518,96.610,177,2,4,172,344,970,1146,4.32e-109,347,97.18
5IY3:A,APH11501,95.556,180,4,4,1,176,971,1150,3.53e-109,347,95.56
5IY3:A,APH11501,96.610,177,2,4,172,344,970,1146,4.32e-109,347,97.18
5IY3:A,APH11565,95.556,180,4,4,1,176,971,1150,3.53e-109,347,95.56
5IY3:A,APH11565,96.610,177,2,4,172,344,970,1146,4.32e-109,347,97.18
5IY3:A,APH11575,95.556,180,4,4,1,176,971,1150,3.53e-109,347,95.56
5IY3:A,APH11575,96.610,177,2,4,172,344,970,1146,4.32e-109,347,97.18
5IY3:A,APH11531,95.556,180,4,4,1,176,971,1150,3.53e-109,347,95.56
5IY3:A,APH11531,96.610,177,2,4,172,344,970,1146,4.32e-109,347,97.18
5IY3:A,APH11546,95.556,180,4,4,1,176,971,1150,3.53e-109,347,95.56
5IY3:A,APH11546,96.610,177,2,4,172,344,970,1146,4.32e-109,347,97.18
5IY3:A,AVZ25032,95.556,180,4,4,1,176,971,1150,3.53e-109,347,96.11
5IY3:A,AVZ25032,96.610,177,2,4,172,344,970,1146,4.36e-109,347,97.74
5IY3:A,APH11557,95.556,180,4,4,1,176,971,1150,3.53e-109,347,95.56
5IY3:A,APH11557,96.610,177,2,4,172,344,970,1146,4.32e-109,347,97.18
5IY3:A,ANO46303,96.089,179,3,4,2,176,972,1150,3.53e-109,347,96.09
5IY3:A,ANO46303,97.714,175,0,4,174,344,972,1146,5.61e-109,346,97.71
5IY3:A,APH11497,95.556,180,4,4,1,176,971,1150,3.53e-109,347,95.56
5IY3:A,APH11497,96.610,177,2,4,172,344,970,1146,4.32e-109,347,97.18
5IY3:A,APH11548,95.556,180,4,4,1,176,971,1150,3.53e-109,347,95.56
5IY3:A,APH11548,96.610,177,2,4,172,344,970,1146,4.32e-109,347,97.18
5IY3:A,APH11568,95.556,180,4,4,1,176,971,1150,3.53e-109,347,95.56
5IY3:A,APH11568,96.610,177,2,4,172,344,970,1146,4.32e-109,347,97.18
5IY3:A,ACD75819,95.556,180,4,4,1,176,971,1150,3.53e-109,347,95.56
5IY3:A,ACD75819,96.610,177,2,4,172,344,970,1146,4.32e-109,347,97.18
5IY3:A,APH11555,95.556,180,4,4,1,176,971,1150,3.53e-109,347,95.56
5IY3:A,APH11555,96.610,177,2,4,172,344,970,1146,4.32e-109,347,97.18
5IY3:A,APH11592,95.556,180,4,4,1,176,971,1150,3.53e-109,347,95.56
5IY3:A,APH11592,96.610,177,2,4,172,344,970,1146,4.32e-109,347,97.18
5IY3:A,APH11583,95.556,180,4,4,1,176,971,1150,3.53e-109,347,95.56
5IY3:A,APH11583,96.610,177,2,4,172,344,970,1146,4.32e-109,347,97.18
5IY3:A,APH11532,95.556,180,4,4,1,176,971,1150,3.53e-109,347,95.56
5IY3:A,APH11532,96.610,177,2,4,172,344,970,1146,4.32e-109,347,97.18
5IY3:A,APH11540,95.556,180,4,4,1,176,971,1150,3.53e-109,347,95.56
5IY3:A,APH11540,96.610,177,2,4,172,344,970,1146,4.32e-109,347,97.18
5IY3:A,APH11570,95.556,180,4,4,1,176,971,1150,3.53e-109,347,95.56
5IY3:A,APH11570,96.610,177,2,4,172,344,970,1146,4.32e-109,347,97.18
5IY3:A,APH11525,95.556,180,4,4,1,176,971,1150,3.53e-109,347,95.56
5IY3:A,APH11525,96.610,177,2,4,172,344,970,1146,4.32e-109,347,97.18
5IY3:A,APH11590,95.556,180,4,4,1,176,971,1150,3.53e-109,347,95.56
5IY3:A,APH11590,96.610,177,2,4,172,344,970,1146,4.32e-109,347,97.18
5IY3:A,APH11549,95.556,180,4,4,1,176,971,1150,3.53e-109,347,95.56
5IY3:A,APH11549,96.610,177,2,4,172,344,970,1146,4.32e-109,347,97.18
5IY3:A,APH11498,95.556,180,4,4,1,176,971,1150,3.53e-109,347,95.56
5IY3:A,APH11498,96.610,177,2,4,172,344,970,1146,4.32e-109,347,97.18
5IY3:A,AVG19203,95.556,180,4,4,1,176,971,1150,3.53e-109,347,95.56
5IY3:A,AVG19203,96.610,177,2,4,172,344,970,1146,4.32e-109,347,97.18
5IY3:A,APH11554,95.556,180,4,4,1,176,971,1150,3.53e-109,347,95.56
5IY3:A,APH11554,96.610,177,2,4,172,344,970,1146,4.32e-109,347,97.18
5IY3:A,APH11563,95.556,180,4,4,1,176,971,1150,3.53e-109,347,95.56
5IY3:A,APH11563,96.610,177,2,4,172,344,970,1146,4.32e-109,347,97.18
5IY3:A,APH11503,95.556,180,4,4,1,176,971,1150,3.53e-109,347,95.56
5IY3:A,APH11503,96.610,177,2,4,172,344,970,1146,4.32e-109,347,97.18
5IY3:A,APH11585,95.556,180,4,4,1,176,971,1150,3.53e-109,347,95.56
5IY3:A,APH11585,96.610,177,2,4,172,344,970,1146,4.32e-109,347,97.18
5IY3:A,APH11539,95.556,180,4,4,1,176,971,1150,3.53e-109,347,95.56
5IY3:A,APH11539,96.610,177,2,4,172,344,970,1146,4.32e-109,347,97.18
5IY3:A,APH11537,95.556,180,4,4,1,176,971,1150,3.53e-109,347,95.56
5IY3:A,APH11537,96.610,177,2,4,172,344,970,1146,4.32e-109,347,97.18
5IY3:A,APH11561,95.556,180,4,4,1,176,971,1150,3.53e-109,347,95.56
5IY3:A,APH11561,96.610,177,2,4,172,344,970,1146,4.32e-109,347,97.18
5IY3:A,APH11579,95.556,180,4,4,1,176,971,1150,3.53e-109,347,95.56
5IY3:A,APH11579,96.610,177,2,4,172,344,970,1146,4.32e-109,347,97.18
5IY3:A,APH11504,95.556,180,4,4,1,176,971,1150,3.53e-109,347,95.56
5IY3:A,APH11504,96.610,177,2,4,172,344,970,1146,4.32e-109,347,97.18
5IY3:A,APH11517,95.556,180,4,4,1,176,971,1150,3.53e-109,347,95.56
5IY3:A,APH11517,96.610,177,2,4,172,344,970,1146,4.32e-109,347,97.18
5IY3:A,APH11542,95.556,180,4,4,1,176,971,1150,3.53e-109,347,95.56
5IY3:A,APH11542,96.610,177,2,4,172,344,970,1146,4.32e-109,347,97.18
5IY3:A,APH11559,95.556,180,4,4,1,176,971,1150,3.53e-109,347,95.56
5IY3:A,APH11559,96.610,177,2,4,172,344,970,1146,4.32e-109,347,97.18
5IY3:A,APH11578,95.556,180,4,4,1,176,971,1150,3.53e-109,347,95.56
5IY3:A,APH11578,96.610,177,2,4,172,344,970,1146,4.32e-109,347,97.18
5IY3:A,APH11594,95.556,180,4,4,1,176,971,1150,3.53e-109,347,95.56
5IY3:A,APH11594,96.610,177,2,4,172,344,970,1146,4.32e-109,347,97.18
5IY3:A,APH11586,95.556,180,4,4,1,176,971,1150,3.53e-109,347,95.56
5IY3:A,APH11586,96.610,177,2,4,172,344,970,1146,4.32e-109,347,97.18
5IY3:A,APH11523,95.556,180,4,4,1,176,971,1150,3.53e-109,347,95.56
5IY3:A,APH11523,96.610,177,2,4,172,344,970,1146,4.32e-109,347,97.18
5IY3:A,APH11550,95.556,180,4,4,1,176,971,1150,3.53e-109,347,95.56
5IY3:A,APH11550,96.610,177,2,4,172,344,970,1146,4.32e-109,347,97.18
5IY3:A,APH11569,95.556,180,4,4,1,176,971,1150,3.53e-109,347,95.56
5IY3:A,APH11569,96.610,177,2,4,172,344,970,1146,4.32e-109,347,97.18
5IY3:A,APH11505,95.556,180,4,4,1,176,971,1150,3.53e-109,347,95.56
5IY3:A,APH11505,96.610,177,2,4,172,344,970,1146,4.32e-109,347,97.18
5IY3:A,APH11577,95.556,180,4,4,1,176,971,1150,3.53e-109,347,95.56
5IY3:A,APH11577,96.610,177,2,4,172,344,970,1146,4.32e-109,347,97.18
5IY3:A,APH11587,95.556,180,4,4,1,176,971,1150,3.53e-109,347,95.56
5IY3:A,APH11587,96.610,177,2,4,172,344,970,1146,4.32e-109,347,97.18
5IY3:A,APH11593,95.556,180,4,4,1,176,971,1150,3.53e-109,347,95.56
5IY3:A,APH11593,96.610,177,2,4,172,344,970,1146,4.32e-109,347,97.18
5IY3:A,APH11526,95.556,180,4,4,1,176,971,1150,3.53e-109,347,95.56
5IY3:A,APH11526,96.610,177,2,4,172,344,970,1146,4.32e-109,347,97.18
5IY3:A,APH11506,95.556,180,4,4,1,176,971,1150,3.53e-109,347,95.56
5IY3:A,APH11506,96.610,177,2,4,172,344,970,1146,4.32e-109,347,97.18
5IY3:A,APH11499,95.556,180,4,4,1,176,971,1150,3.53e-109,347,95.56
5IY3:A,APH11499,96.610,177,2,4,172,344,970,1146,4.32e-109,347,97.18
5IY3:A,AWK27349,95.556,180,4,4,1,176,971,1150,3.53e-109,347,95.56
5IY3:A,AWK27349,96.610,177,2,4,172,344,970,1146,4.32e-109,347,97.18
5IY3:A,APH11553,95.556,180,4,4,1,176,971,1150,3.53e-109,347,95.56
5IY3:A,APH11553,96.610,177,2,4,172,344,970,1146,4.32e-109,347,97.18
5IY3:A,APH11582,95.556,180,4,4,1,176,971,1150,3.53e-109,347,95.56
5IY3:A,APH11582,96.610,177,2,4,172,344,970,1146,4.32e-109,347,97.18
5IY3:A,APH11576,95.556,180,4,4,1,176,971,1150,3.53e-109,347,95.56
5IY3:A,APH11576,96.610,177,2,4,172,344,970,1146,4.32e-109,347,97.18
5IY3:A,APH11530,95.556,180,4,4,1,176,971,1150,3.53e-109,347,95.56
5IY3:A,APH11530,96.610,177,2,4,172,344,970,1146,4.32e-109,347,97.18
5IY3:A,APH11521,95.556,180,4,4,1,176,971,1150,3.53e-109,347,95.56
5IY3:A,APH11521,96.610,177,2,4,172,344,970,1146,4.32e-109,347,97.18
5IY3:A,APH11511,95.556,180,4,4,1,176,971,1150,3.53e-109,347,95.56
5IY3:A,APH11511,96.610,177,2,4,172,344,970,1146,4.32e-109,347,97.18
5IY3:A,APH11507,95.556,180,4,4,1,176,971,1150,3.53e-109,347,95.56
5IY3:A,APH11507,96.610,177,2,4,172,344,970,1146,4.32e-109,347,97.18
5IY3:A,AOY08536,95.556,180,4,4,1,176,971,1150,3.53e-109,347,95.56
5IY3:A,AOY08536,96.610,177,2,4,172,344,970,1146,4.32e-109,347,97.18
5IY3:A,APH11567,95.556,180,4,4,1,176,971,1150,3.53e-109,347,95.56
5IY3:A,APH11567,96.610,177,2,4,172,344,970,1146,4.32e-109,347,97.18
5IY3:A,APH11541,95.556,180,4,4,1,176,971,1150,3.53e-109,347,95.56
5IY3:A,APH11541,96.610,177,2,4,172,344,970,1146,4.32e-109,347,97.18
5IY3:A,APH11558,95.556,180,4,4,1,176,971,1150,3.53e-109,347,95.56
5IY3:A,APH11558,96.610,177,2,4,172,344,970,1146,4.32e-109,347,97.18
5IY3:A,APH11524,95.556,180,4,4,1,176,971,1150,3.53e-109,347,95.56
5IY3:A,APH11524,96.610,177,2,4,172,344,970,1146,4.32e-109,347,97.18
5IY3:A,APH11533,95.556,180,4,4,1,176,971,1150,3.53e-109,347,95.56
5IY3:A,APH11533,96.610,177,2,4,172,344,970,1146,4.32e-109,347,97.18
5IY3:A,APH11589,95.556,180,4,4,1,176,971,1150,3.53e-109,347,95.56
5IY3:A,APH11589,96.610,177,2,4,172,344,970,1146,4.32e-109,347,97.18
5IY3:A,APH11544,95.556,180,4,4,1,176,971,1150,3.53e-109,347,95.56
5IY3:A,APH11544,96.610,177,2,4,172,344,970,1146,4.32e-109,347,97.18
5IY3:A,APH11535,95.556,180,4,4,1,176,971,1150,3.53e-109,347,95.56
5IY3:A,APH11535,96.610,177,2,4,172,344,970,1146,4.32e-109,347,97.18
5IY3:A,APH11513,95.556,180,4,4,1,176,971,1150,3.53e-109,347,95.56
5IY3:A,APH11513,96.610,177,2,4,172,344,970,1146,4.32e-109,347,97.18
5IY3:A,APH11519,95.556,180,4,4,1,176,971,1150,3.53e-109,347,95.56
5IY3:A,APH11519,96.610,177,2,4,172,344,970,1146,4.32e-109,347,97.18
5IY3:A,APH11564,95.556,180,4,4,1,176,971,1150,3.53e-109,347,95.56
5IY3:A,APH11564,96.610,177,2,4,172,344,970,1146,4.32e-109,347,97.18
5IY3:A,APH11584,95.556,180,4,4,1,176,971,1150,3.53e-109,347,95.56
5IY3:A,APH11584,96.610,177,2,4,172,344,970,1146,4.32e-109,347,97.18
5IY3:A,APH11536,95.556,180,4,4,1,176,971,1150,3.53e-109,347,95.56
5IY3:A,APH11536,96.610,177,2,4,172,344,970,1146,4.32e-109,347,97.18
5IY3:A,APH11574,95.556,180,4,4,1,176,971,1150,3.53e-109,347,95.56
5IY3:A,APH11574,96.610,177,2,4,172,344,970,1146,4.32e-109,347,97.18
5IY3:A,APH11572,95.556,180,4,4,1,176,971,1150,3.53e-109,347,95.56
5IY3:A,APH11572,96.610,177,2,4,172,344,970,1146,4.32e-109,347,97.18
5IY3:A,APH11527,95.556,180,4,4,1,176,971,1150,3.53e-109,347,95.56
5IY3:A,APH11527,96.610,177,2,4,172,344,970,1146,4.32e-109,347,97.18
5IY3:A,APH11580,95.556,180,4,4,1,176,971,1150,3.53e-109,347,95.56
5IY3:A,APH11580,96.610,177,2,4,172,344,970,1146,4.32e-109,347,97.18
5IY3:A,APH11545,95.556,180,4,4,1,176,971,1150,3.53e-109,347,95.56
5IY3:A,APH11545,96.610,177,2,4,172,344,970,1146,4.32e-109,347,97.18
5IY3:A,AUI42194,95.556,180,4,4,1,176,971,1150,3.56e-109,347,96.11
5IY3:A,AUI42194,96.610,177,2,4,172,344,970,1146,4.36e-109,347,97.74
5IY3:A,AOG18296,95.556,180,4,4,1,176,971,1150,3.56e-109,347,96.11
5IY3:A,AOG18296,96.610,177,2,4,172,344,970,1146,4.36e-109,347,97.74
5IY3:A,AOO19564,95.556,180,4,4,1,176,971,1150,3.56e-109,347,96.11
5IY3:A,AOO19564,96.610,177,2,4,172,344,970,1146,4.36e-109,347,97.74
5IY3:A,AYI50388,95.556,180,4,4,1,176,971,1150,3.56e-109,347,96.11
5IY3:A,AYI50388,96.610,177,2,4,172,344,970,1146,4.36e-109,347,97.74
5IY3:A,AMS00611,95.556,180,4,4,1,176,971,1150,3.56e-109,347,96.11
5IY3:A,AMS00611,96.610,177,2,4,172,344,970,1146,4.36e-109,347,97.74
5IY3:A,ARB07996,95.556,180,4,4,1,176,971,1150,3.77e-109,347,96.11
5IY3:A,ARB07996,96.610,177,2,4,172,344,970,1146,4.58e-109,347,97.74
5IY3:A,AOY08525,95.556,180,4,4,1,176,971,1150,3.77e-109,347,96.11
5IY3:A,AOY08525,96.610,177,2,4,172,344,970,1146,4.62e-109,347,97.74
5IY3:A,APB03020,95.556,180,4,4,1,176,971,1150,3.77e-109,347,96.11
5IY3:A,APB03020,96.610,177,2,4,172,344,970,1146,4.58e-109,347,97.74
5IY3:A,ARB07936,95.556,180,4,4,1,176,971,1150,3.81e-109,347,96.11
5IY3:A,ARB07936,96.610,177,2,4,172,344,970,1146,4.71e-109,347,97.74
5IY3:A,ARB07935,95.556,180,4,4,1,176,971,1150,3.81e-109,347,96.11
5IY3:A,ARB07935,96.610,177,2,4,172,344,970,1146,4.62e-109,347,97.74
5IY3:A,APW84877,95.556,180,4,4,1,176,971,1150,3.85e-109,347,96.11
5IY3:A,APW84877,96.610,177,2,4,172,344,970,1146,4.71e-109,347,97.74
5IY3:A,ART29826,95.556,180,4,4,1,176,971,1150,3.85e-109,347,96.11
5IY3:A,ART29826,96.610,177,2,4,172,344,970,1146,4.71e-109,347,97.74
5IY3:A,ANH22038,95.556,180,4,4,1,176,971,1150,3.85e-109,347,96.11
5IY3:A,ANH22038,96.610,177,2,4,172,344,970,1146,4.71e-109,347,97.74
5IY3:A,AMQ48982,95.556,180,4,4,1,176,971,1150,3.85e-109,347,96.11
5IY3:A,AMQ48982,96.610,177,2,4,172,344,970,1146,4.71e-109,347,97.74
5IY3:A,AOY08542,95.556,180,4,4,1,176,971,1150,3.85e-109,347,96.11
5IY3:A,AOY08542,96.610,177,2,4,172,344,970,1146,4.71e-109,347,97.74
5IY3:A,ARB07932,95.556,180,4,4,1,176,971,1150,3.85e-109,347,96.11
5IY3:A,ARB07932,96.610,177,2,4,172,344,970,1146,4.71e-109,347,97.74
5IY3:A,APW84876,95.556,180,4,4,1,176,971,1150,3.85e-109,347,96.11
5IY3:A,APW84876,96.610,177,2,4,172,344,970,1146,4.71e-109,347,97.74
5IY3:A,AMN14619,95.556,180,4,4,1,176,971,1150,3.85e-109,347,96.11
5IY3:A,AMN14619,96.610,177,2,4,172,344,970,1146,4.71e-109,347,97.74
5IY3:A,AVZ25035,95.556,180,4,4,1,176,971,1150,3.85e-109,347,96.11
5IY3:A,AVZ25035,96.610,177,2,4,172,344,970,1146,4.71e-109,347,97.74
5IY3:A,AOY08537,95.556,180,4,4,1,176,971,1150,3.85e-109,347,96.11
5IY3:A,AOY08537,96.610,177,2,4,172,344,970,1146,4.71e-109,347,97.74
5IY3:A,AOR82893,95.556,180,4,4,1,176,971,1150,3.85e-109,347,96.11
5IY3:A,AOR82893,96.610,177,2,4,172,344,970,1146,4.71e-109,347,97.74
5IY3:A,APW84875,95.556,180,4,4,1,176,971,1150,3.85e-109,347,96.11
5IY3:A,APW84875,96.610,177,2,4,172,344,970,1146,4.71e-109,347,97.74
5IY3:A,ARU07076,95.556,180,4,4,1,176,971,1150,3.85e-109,347,96.11
5IY3:A,ARU07076,96.610,177,2,4,172,344,970,1146,4.71e-109,347,97.74
5IY3:A,ARB07953,95.556,180,4,4,1,176,971,1150,3.85e-109,347,96.11
5IY3:A,ARB07953,96.610,177,2,4,172,344,970,1146,4.71e-109,347,97.74
5IY3:A,AOY08526,95.556,180,4,4,1,176,971,1150,3.85e-109,347,96.11
5IY3:A,AOY08526,96.610,177,2,4,172,344,970,1146,4.71e-109,347,97.74
5IY3:A,ART29823,95.556,180,4,4,1,176,971,1150,3.85e-109,347,96.11
5IY3:A,ART29823,96.610,177,2,4,172,344,970,1146,4.71e-109,347,97.74
5IY3:A,AOY08535,95.556,180,4,4,1,176,971,1150,3.85e-109,347,96.11
5IY3:A,AOY08535,96.610,177,2,4,172,344,970,1146,4.71e-109,347,97.74
5IY3:A,APW84874,95.556,180,4,4,1,176,971,1150,3.85e-109,347,96.11
5IY3:A,APW84874,96.610,177,2,4,172,344,970,1146,4.71e-109,347,97.74
5IY3:A,AOR82892,95.556,180,4,4,1,176,971,1150,3.85e-109,347,96.11
5IY3:A,AOR82892,96.610,177,2,4,172,344,970,1146,4.71e-109,347,97.74
5IY3:A,APW84873,95.556,180,4,4,1,176,971,1150,3.85e-109,347,96.11
5IY3:A,APW84873,96.610,177,2,4,172,344,970,1146,4.71e-109,347,97.74
5IY3:A,ANH10698,95.556,180,4,4,1,176,971,1150,3.85e-109,347,96.11
5IY3:A,ANH10698,96.610,177,2,4,172,344,970,1146,4.71e-109,347,97.74
5IY3:A,APO39240,95.556,180,4,4,1,176,971,1150,3.85e-109,347,96.11
5IY3:A,APO39240,96.610,177,2,4,172,344,970,1146,4.71e-109,347,97.74
5IY3:A,BAV82373,95.556,180,4,4,1,176,971,1150,3.85e-109,347,96.11
5IY3:A,BAV82373,96.610,177,2,4,172,344,970,1146,4.71e-109,347,97.74
5IY3:A,ART29825,95.556,180,4,4,1,176,971,1150,3.85e-109,347,96.11
5IY3:A,ART29825,96.610,177,2,4,172,344,970,1146,4.71e-109,347,97.74
5IY3:A,AXF50015,95.556,180,4,4,1,176,971,1150,3.85e-109,347,96.11
5IY3:A,AXF50015,96.610,177,2,4,172,344,970,1146,4.71e-109,347,97.74
5IY3:A,ATB53752,95.556,180,4,4,1,176,971,1150,3.85e-109,347,96.11
5IY3:A,ATB53752,96.610,177,2,4,172,344,970,1146,4.71e-109,347,97.74
5IY3:A,APW84872,95.556,180,4,4,1,176,971,1150,3.85e-109,347,96.11
5IY3:A,APW84872,96.610,177,2,4,172,344,970,1146,4.71e-109,347,97.74
5IY3:A,APG56457,95.556,180,4,4,1,176,971,1150,3.85e-109,347,96.11
5IY3:A,APG56457,96.610,177,2,4,172,344,970,1146,4.71e-109,347,97.74
5IY3:A,AOS90224,95.556,180,4,4,1,176,971,1150,3.85e-109,347,96.11
5IY3:A,AOS90224,96.610,177,2,4,172,344,970,1146,4.71e-109,347,97.74
5IY3:A,AMN14620,95.556,180,4,4,1,176,971,1150,3.85e-109,347,96.11
5IY3:A,AMN14620,96.610,177,2,4,172,344,970,1146,4.71e-109,347,97.74
5IY3:A,ARU07075,95.556,180,4,4,1,176,971,1150,3.85e-109,347,96.11
5IY3:A,ARU07075,96.610,177,2,4,172,344,970,1146,4.71e-109,347,97.74
5IY3:A,APO39241,95.556,180,4,4,1,176,971,1150,3.85e-109,347,96.11
5IY3:A,APO39241,96.610,177,2,4,172,344,970,1146,4.71e-109,347,97.74
5IY3:A,ASW34087,95.556,180,4,4,1,176,971,1150,3.85e-109,347,96.11
5IY3:A,ASW34087,96.610,177,2,4,172,344,970,1146,4.71e-109,347,97.74
5IY3:A,AOY08523,95.556,180,4,4,1,176,971,1150,3.85e-109,347,96.11
5IY3:A,AOY08523,96.610,177,2,4,172,344,970,1146,4.71e-109,347,97.74
5IY3:A,APO39231,95.556,180,4,4,1,176,971,1150,3.89e-109,347,96.11
5IY3:A,APO39231,96.610,177,2,4,172,344,970,1146,4.80e-109,347,97.74
5IY3:A,AMR39834,95.556,180,4,4,1,176,971,1150,3.92e-109,347,95.56
5IY3:A,AMR39834,96.610,177,2,4,172,344,970,1146,4.80e-109,347,97.18
5IY3:A,ARB07954,96.089,179,3,4,2,176,972,1150,3.92e-109,347,96.09
5IY3:A,ARB07954,97.714,175,0,4,174,344,972,1146,6.23e-109,346,97.71
5IY3:A,AOL02459,95.556,180,4,4,1,176,971,1150,3.92e-109,347,95.56
5IY3:A,AOL02459,96.610,177,2,4,172,344,970,1146,4.80e-109,347,97.18
5IY3:A,AWH65848,95.556,180,4,4,1,176,971,1150,3.92e-109,347,95.56
5IY3:A,AWH65848,96.610,177,2,4,172,344,970,1146,4.80e-109,347,97.18
5IY3:A,APH11502,95.556,180,4,4,1,176,971,1150,3.92e-109,347,95.56
5IY3:A,APH11502,96.610,177,2,4,172,344,970,1146,4.80e-109,347,97.18
5IY3:A,APH11520,95.556,180,4,4,1,176,971,1150,4.04e-109,347,95.56
5IY3:A,APH11520,96.610,177,2,4,172,344,970,1146,4.90e-109,347,97.18
5IY3:A,AVG19202,95.556,180,4,4,1,176,971,1150,4.12e-109,347,95.56
5IY3:A,AVG19202,96.610,177,2,4,172,344,970,1146,5.04e-109,347,97.18
5IY3:A,ARB07987,95.556,180,4,4,1,176,971,1150,4.16e-109,347,96.11
5IY3:A,ARB07987,96.610,177,2,4,172,344,970,1146,5.09e-109,347,97.74
5IY3:A,AUD54964,95.556,180,4,4,1,176,971,1150,4.20e-109,347,96.11
5IY3:A,AUD54964,96.610,177,2,4,172,344,970,1146,5.14e-109,347,97.74
5IY3:A,ASK51714,95.556,180,4,4,1,176,971,1150,4.20e-109,347,96.11
5IY3:A,ASK51714,96.610,177,2,4,172,344,970,1146,5.14e-109,347,97.74
5IY3:A,ARB07965,95.556,180,4,4,1,176,971,1150,4.24e-109,347,96.11
5IY3:A,ARB07965,96.610,177,2,4,172,344,970,1146,5.14e-109,347,97.74
5IY3:A,BBA85762,95.556,180,4,4,1,176,971,1150,4.28e-109,347,96.11
5IY3:A,BBA85762,96.610,177,2,4,172,344,970,1146,5.24e-109,347,97.74
5IY3:A,AOY08539,95.556,180,4,4,1,176,971,1150,4.28e-109,347,96.11
5IY3:A,AOY08539,96.610,177,2,4,172,344,970,1146,5.24e-109,347,97.74
5IY3:A,APH11522,95.556,180,4,4,1,176,971,1150,4.28e-109,347,95.56
5IY3:A,APH11522,96.610,177,2,4,172,344,970,1146,5.24e-109,347,97.18
5IY3:A,ARB07938,95.556,180,4,4,1,176,971,1150,4.32e-109,347,96.11
5IY3:A,ARB07938,96.610,177,2,4,172,344,970,1146,5.24e-109,347,97.74
5IY3:A,AFD30972,95.556,180,4,4,1,176,971,1150,4.36e-109,347,95.56
5IY3:A,AFD30972,96.610,177,2,4,172,344,970,1146,5.34e-109,347,97.18
5IY3:A,ARB07971,95.556,180,4,4,1,176,971,1150,4.45e-109,347,96.11
5IY3:A,ARB07971,96.045,177,3,4,172,344,970,1146,2.70e-108,344,97.18
5IY3:A,AOY08519,95.556,180,4,4,1,176,971,1150,4.53e-109,347,96.11
5IY3:A,AOY08519,96.610,177,2,4,172,344,970,1146,5.50e-109,346,97.74
5IY3:A,APH11588,96.610,177,2,4,172,344,970,1146,4.67e-109,347,97.18
5IY3:A,APH11588,95.556,180,4,4,1,176,971,1150,7.34e-109,346,95.56
5IY3:A,AYI50274,95.556,180,4,4,1,176,971,1150,4.71e-109,347,95.56
5IY3:A,AYI50274,96.610,177,2,4,172,344,970,1146,5.77e-109,346,97.18
5IY3:A,ATG29285,95.556,180,4,4,1,176,971,1150,4.90e-109,347,95.56
5IY3:A,ATG29285,96.610,177,2,4,172,344,970,1146,6.00e-109,346,97.18
5IY3:A,ARB07977,95.556,180,4,4,1,176,971,1150,4.95e-109,347,96.11
5IY3:A,ARB07977,96.610,177,2,4,172,344,970,1146,6.06e-109,346,97.74
5IY3:A,ARB07968,95.556,180,4,4,1,176,971,1150,5.94e-109,346,95.56
5IY3:A,ARB07968,96.610,177,2,4,172,344,970,1146,7.34e-109,346,97.18
5IY3:A,AQW43708,95.556,180,4,4,1,176,971,1150,6.29e-109,346,95.56
5IY3:A,AQW43708,96.610,177,2,4,172,344,970,1146,7.71e-109,346,97.18
5IY3:A,AMD61711,95.000,180,5,4,1,176,971,1150,6.67e-109,346,95.56
5IY3:A,AMD61711,96.045,177,3,4,172,344,970,1146,8.17e-109,346,97.18
5IY3:A,ARO84674,95.556,180,4,4,1,176,971,1150,6.67e-109,346,95.56
5IY3:A,ARO84674,96.610,177,2,4,172,344,970,1146,8.17e-109,346,97.18
5IY3:A,ARK18853,95.556,180,4,4,1,176,971,1150,6.67e-109,346,95.56
5IY3:A,ARK18853,96.610,177,2,4,172,344,970,1146,8.17e-109,346,97.18
5IY3:A,AQS26800,95.556,180,4,4,1,176,971,1150,6.87e-109,346,95.56
5IY3:A,AQS26800,96.610,177,2,4,172,344,970,1146,8.49e-109,346,97.18
5IY3:A,AYI50275,95.556,180,4,4,1,176,971,1150,7.49e-109,346,95.56
5IY3:A,AYI50275,96.610,177,2,4,172,344,970,1146,9.17e-109,346,97.18
5IY3:A,BAV89190,95.556,180,4,4,1,176,971,1150,9.17e-109,346,95.56
5IY3:A,BAV89190,96.610,177,2,4,172,344,970,1146,9.91e-109,346,97.18
5IY3:A,ASL68979,95.556,180,4,4,1,176,971,1150,9.91e-109,346,95.56
5IY3:A,ASL68979,96.610,177,2,4,172,344,970,1146,1.08e-108,345,97.18
5IY3:A,ATG29299,95.556,180,4,4,1,176,971,1150,9.91e-109,346,95.56
5IY3:A,ATG29299,96.610,177,2,4,172,344,970,1146,1.08e-108,345,97.18
5IY3:A,AMB18850,95.000,180,5,4,1,176,971,1150,1.30e-108,345,95.56
5IY3:A,AMB18850,96.045,177,3,4,172,344,970,1146,1.57e-108,345,97.18
5IY3:A,ARB07957,95.000,180,5,4,1,176,971,1150,1.35e-108,345,95.56
5IY3:A,ARB07957,96.045,177,3,4,172,344,970,1146,1.64e-108,345,97.18
5IY3:A,AUI42289,95.000,180,5,4,1,176,971,1150,1.39e-108,345,95.56
5IY3:A,AUI42289,96.045,177,3,4,172,344,970,1146,1.70e-108,345,97.18
5IY3:A,ASU55395,95.556,180,4,4,1,176,971,1150,1.56e-108,345,95.56
5IY3:A,ASU55395,96.610,177,2,4,172,344,970,1146,1.89e-108,345,97.18
5IY3:A,ASU55398,95.556,180,4,4,1,176,971,1150,1.56e-108,345,95.56
5IY3:A,ASU55398,96.610,177,2,4,172,344,970,1146,1.89e-108,345,97.18
5IY3:A,ANB66184,95.556,180,4,4,1,176,971,1150,1.56e-108,345,95.56
5IY3:A,ANB66184,96.610,177,2,4,172,344,970,1146,1.89e-108,345,97.18
5IY3:A,ASU55406,95.556,180,4,4,1,176,971,1150,1.56e-108,345,95.56
5IY3:A,ASU55406,96.610,177,2,4,172,344,970,1146,1.89e-108,345,97.18
5IY3:A,APQ41783,95.556,180,4,4,1,176,971,1150,1.56e-108,345,95.56
5IY3:A,APQ41783,96.610,177,2,4,172,344,970,1146,1.89e-108,345,97.18
5IY3:A,ASU55408,95.556,180,4,4,1,176,971,1150,1.56e-108,345,95.56
5IY3:A,ASU55408,96.610,177,2,4,172,344,970,1146,1.89e-108,345,97.18
5IY3:A,ARM59239,95.556,180,4,4,1,176,971,1150,1.57e-108,345,95.56
5IY3:A,ARM59239,96.610,177,2,4,172,344,970,1146,1.91e-108,345,97.18
5IY3:A,ARB07927,95.000,180,5,4,1,176,971,1150,1.59e-108,345,95.56
5IY3:A,ARB07927,96.045,177,3,4,172,344,970,1146,1.93e-108,345,97.18
5IY3:A,AYI50390,95.556,180,4,4,1,176,971,1150,1.64e-108,345,95.56
5IY3:A,AYI50390,96.610,177,2,4,172,344,970,1146,1.98e-108,345,97.18
5IY3:A,AYI50392,95.556,180,4,4,1,176,971,1150,1.72e-108,345,95.56
5IY3:A,AYI50392,96.610,177,2,4,172,344,970,1146,2.08e-108,345,97.18
5IY3:A,AMM39804,95.556,180,4,4,1,176,971,1150,1.73e-108,345,95.56
5IY3:A,AMM39804,96.610,177,2,4,172,344,970,1146,2.10e-108,345,97.18
5IY3:A,ASU55418,95.556,180,4,4,1,176,971,1150,1.73e-108,345,95.56
5IY3:A,ASU55418,96.610,177,2,4,172,344,970,1146,2.10e-108,345,97.18
5IY3:A,ASU55420,95.556,180,4,4,1,176,971,1150,1.73e-108,345,95.56
5IY3:A,ASU55420,96.610,177,2,4,172,344,970,1146,2.10e-108,345,97.18
5IY3:A,APQ41784,95.556,180,4,4,1,176,971,1150,1.73e-108,345,95.56
5IY3:A,APQ41784,96.610,177,2,4,172,344,970,1146,2.10e-108,345,97.18
5IY3:A,ANB66182,95.556,180,4,4,1,176,971,1150,1.73e-108,345,95.56
5IY3:A,ANB66182,96.610,177,2,4,172,344,970,1146,2.10e-108,345,97.18
5IY3:A,ASU55390,95.556,180,4,4,1,176,971,1150,1.73e-108,345,95.56
5IY3:A,ASU55390,96.610,177,2,4,172,344,970,1146,2.10e-108,345,97.18
5IY3:A,AYI50389,95.556,180,4,4,1,176,971,1150,1.73e-108,345,95.56
5IY3:A,AYI50389,96.610,177,2,4,172,344,970,1146,2.10e-108,345,97.18
5IY3:A,ASU55426,95.556,180,4,4,1,176,971,1150,1.73e-108,345,95.56
5IY3:A,ASU55426,96.610,177,2,4,172,344,970,1146,2.10e-108,345,97.18
5IY3:A,ASU55411,95.556,180,4,4,1,176,971,1150,1.73e-108,345,95.56
5IY3:A,ASU55411,96.610,177,2,4,172,344,970,1146,2.10e-108,345,97.18
5IY3:A,ASU55425,95.556,180,4,4,1,176,971,1150,1.73e-108,345,95.56
5IY3:A,ASU55425,96.610,177,2,4,172,344,970,1146,2.10e-108,345,97.18
5IY3:A,ASU55391,95.556,180,4,4,1,176,971,1150,1.73e-108,345,95.56
5IY3:A,ASU55391,96.610,177,2,4,172,344,970,1146,2.10e-108,345,97.18
5IY3:A,ANB66183,95.556,180,4,4,1,176,971,1150,1.73e-108,345,95.56
5IY3:A,ANB66183,96.610,177,2,4,172,344,970,1146,2.10e-108,345,97.18
5IY3:A,AQX32986,95.556,180,4,4,1,176,971,1150,1.73e-108,345,95.56
5IY3:A,AQX32986,96.610,177,2,4,172,344,970,1146,2.10e-108,345,97.18
5IY3:A,ARB07978,95.556,180,4,4,1,176,971,1150,1.73e-108,345,95.56
5IY3:A,ARB07978,96.610,177,2,4,172,344,970,1146,2.10e-108,345,97.18
5IY3:A,ASU55412,95.556,180,4,4,1,176,971,1150,1.73e-108,345,95.56
5IY3:A,ASU55412,96.610,177,2,4,172,344,970,1146,2.10e-108,345,97.18
5IY3:A,ARB07981,95.556,180,4,4,1,176,971,1150,1.73e-108,345,95.56
5IY3:A,ARB07981,96.610,177,2,4,172,344,970,1146,2.10e-108,345,97.18
5IY3:A,ASU55424,95.556,180,4,4,1,176,971,1150,1.73e-108,345,95.56
5IY3:A,ASU55424,96.610,177,2,4,172,344,970,1146,2.10e-108,345,97.18
5IY3:A,ASU55419,95.556,180,4,4,1,176,971,1150,1.73e-108,345,95.56
5IY3:A,ASU55419,96.610,177,2,4,172,344,970,1146,2.10e-108,345,97.18
5IY3:A,ASU55421,95.556,180,4,4,1,176,971,1150,1.73e-108,345,95.56
5IY3:A,ASU55421,96.610,177,2,4,172,344,970,1146,2.10e-108,345,97.18
5IY3:A,ASU55392,95.556,180,4,4,1,176,971,1150,1.73e-108,345,95.56
5IY3:A,ASU55392,96.610,177,2,4,172,344,970,1146,2.10e-108,345,97.18
5IY3:A,APQ41786,95.556,180,4,4,1,176,971,1150,1.73e-108,345,95.56
5IY3:A,APQ41786,96.610,177,2,4,172,344,970,1146,2.10e-108,345,97.18
5IY3:A,ASU55422,95.556,180,4,4,1,176,971,1150,1.73e-108,345,95.56
5IY3:A,ASU55422,96.610,177,2,4,172,344,970,1146,2.10e-108,345,97.18
5IY3:A,ANC90428,95.556,180,4,4,1,176,971,1150,1.73e-108,345,95.56
5IY3:A,ANC90428,96.610,177,2,4,172,344,970,1146,2.10e-108,345,97.18
5IY3:A,ASU55415,95.556,180,4,4,1,176,971,1150,1.73e-108,345,95.56
5IY3:A,ASU55415,96.610,177,2,4,172,344,970,1146,2.10e-108,345,97.18
5IY3:A,AMZ03557,95.556,180,4,4,1,176,971,1150,1.73e-108,345,95.56
5IY3:A,AMZ03557,96.610,177,2,4,172,344,970,1146,2.10e-108,345,97.18
5IY3:A,ASU55403,95.556,180,4,4,1,176,971,1150,1.75e-108,345,95.56
5IY3:A,ASU55403,96.610,177,2,4,172,344,970,1146,2.12e-108,345,97.18
5IY3:A,ASU55414,95.556,180,4,4,1,176,971,1150,1.75e-108,345,95.56
5IY3:A,ASU55414,96.610,177,2,4,172,344,970,1146,2.12e-108,345,97.18
5IY3:A,APQ41785,95.556,180,4,4,1,176,971,1150,1.75e-108,345,95.56
5IY3:A,APQ41785,96.610,177,2,4,172,344,970,1146,2.12e-108,345,97.18
5IY3:A,ASU55405,95.556,180,4,4,1,176,971,1150,1.75e-108,345,95.56
5IY3:A,ASU55405,96.610,177,2,4,172,344,970,1146,2.12e-108,345,97.18
5IY3:A,ASU55410,95.556,180,4,4,1,176,971,1150,1.78e-108,345,95.56
5IY3:A,ASU55410,96.610,177,2,4,172,344,970,1146,2.18e-108,345,97.18
5IY3:A,ASU55397,95.556,180,4,4,1,176,971,1150,1.78e-108,345,95.56
5IY3:A,ASU55397,96.610,177,2,4,172,344,970,1146,2.18e-108,345,97.18
5IY3:A,AMQ34003,95.556,180,4,4,1,176,971,1150,1.78e-108,345,95.56
5IY3:A,AMQ34003,96.610,177,2,4,172,344,970,1146,2.18e-108,345,97.18
5IY3:A,ATG29278,95.000,180,5,4,1,176,971,1150,1.80e-108,345,95.00
5IY3:A,ATG29278,96.045,177,3,4,172,344,970,1146,2.18e-108,345,96.61
5IY3:A,ASU55394,95.556,180,4,4,1,176,971,1150,1.85e-108,345,95.56
5IY3:A,ASU55394,96.610,177,2,4,172,344,970,1146,2.27e-108,345,97.18
5IY3:A,ASU55404,95.556,180,4,4,1,176,971,1150,1.93e-108,345,95.56
5IY3:A,ASU55404,96.610,177,2,4,172,344,970,1146,2.34e-108,345,97.18
5IY3:A,ASU55423,95.556,180,4,4,1,176,971,1150,1.93e-108,345,95.56
5IY3:A,ASU55423,96.610,177,2,4,172,344,970,1146,2.34e-108,345,97.18
5IY3:A,ASU55402,95.556,180,4,4,1,176,971,1150,1.96e-108,345,95.56
5IY3:A,ASU55402,96.610,177,2,4,172,344,970,1146,2.41e-108,345,97.18
5IY3:A,ANF04752,95.556,180,4,4,1,176,971,1150,1.96e-108,345,95.56
5IY3:A,ANF04752,96.610,177,2,4,172,344,970,1146,2.41e-108,345,97.18
5IY3:A,APQ41782,95.556,180,4,4,1,176,971,1150,1.96e-108,345,95.56
5IY3:A,APQ41782,96.610,177,2,4,172,344,970,1146,2.41e-108,345,97.18
5IY3:A,ASU55407,95.556,180,4,4,1,176,971,1150,1.96e-108,345,95.56
5IY3:A,ASU55407,96.610,177,2,4,172,344,970,1146,2.41e-108,345,97.18
5IY3:A,ASU55401,95.556,180,4,4,1,176,971,1150,1.96e-108,345,95.56
5IY3:A,ASU55401,96.610,177,2,4,172,344,970,1146,2.41e-108,345,97.18
5IY3:A,AOY08524,95.556,180,4,4,1,176,971,1150,1.96e-108,345,95.56
5IY3:A,AOY08524,96.610,177,2,4,172,344,970,1146,2.41e-108,345,97.18
5IY3:A,APB03017,95.556,180,4,4,1,176,971,1150,1.96e-108,345,95.56
5IY3:A,APB03017,96.610,177,2,4,172,344,970,1146,2.41e-108,345,97.18
5IY3:A,ASU55413,95.556,180,4,4,1,176,971,1150,1.98e-108,345,95.56
5IY3:A,ASU55413,96.610,177,2,4,172,344,970,1146,2.43e-108,345,97.18
5IY3:A,ASU55399,95.556,180,4,4,1,176,971,1150,1.98e-108,345,95.56
5IY3:A,ASU55399,96.610,177,2,4,172,344,970,1146,2.43e-108,345,97.18
5IY3:A,AMC33116,95.556,180,4,4,1,176,971,1150,1.98e-108,345,95.56
5IY3:A,AMC33116,96.610,177,2,4,172,344,970,1146,2.43e-108,345,97.18
5IY3:A,AQX32987,95.556,180,4,4,1,176,971,1150,1.98e-108,345,95.56
5IY3:A,AQX32987,96.610,177,2,4,172,344,970,1146,2.43e-108,345,97.18
5IY3:A,AMQ34004,95.556,180,4,4,1,176,971,1150,1.98e-108,345,95.56
5IY3:A,AMQ34004,96.610,177,2,4,172,344,970,1146,2.43e-108,345,97.18
5IY3:A,ASB32509,95.556,180,4,4,1,176,971,1150,2.08e-108,345,95.56
5IY3:A,ASB32509,96.610,177,2,4,172,344,970,1146,2.55e-108,344,97.18
5IY3:A,AEN75265,94.444,180,6,4,1,176,965,1144,2.60e-108,344,95.56
5IY3:A,AEN75265,95.480,177,4,4,172,344,964,1140,3.15e-108,344,97.18
5IY3:A,AMR68906,94.444,180,6,4,1,176,965,1144,2.60e-108,344,95.56
5IY3:A,AMR68906,95.480,177,4,4,172,344,964,1140,3.15e-108,344,97.18
5IY3:A,ARB07988,95.000,180,5,4,1,176,971,1150,3.79e-108,344,95.56
5IY3:A,ARB07988,96.045,177,3,4,172,344,970,1146,4.64e-108,344,97.18
5IY3:A,ASU55393,95.000,180,5,4,1,176,971,1150,4.05e-108,344,95.56
5IY3:A,ASU55393,96.045,177,3,4,172,344,970,1146,4.91e-108,343,97.18
5IY3:A,AMK49164,95.000,180,5,4,1,176,971,1150,6.19e-108,343,95.56
5IY3:A,AMK49164,96.045,177,3,4,172,344,970,1146,7.58e-108,343,97.18
5IY3:A,ASU55396,95.000,180,5,4,1,176,971,1150,9.20e-108,343,95.00
5IY3:A,ASU55396,96.045,177,3,4,172,344,970,1146,1.13e-107,343,96.61
5IY3:A,AOE22997,95.000,180,5,4,1,176,971,1150,1.62e-107,342,95.00
5IY3:A,AOE22997,96.045,177,3,4,172,344,970,1146,1.99e-107,342,96.61
5IY3:A,AOR87336,95.000,180,5,4,1,176,971,1150,1.62e-107,342,95.00
5IY3:A,AOR87336,96.045,177,3,4,172,344,970,1146,1.99e-107,342,96.61
5IY3:A,ASU55409,95.000,180,5,4,1,176,971,1150,2.79e-107,342,95.00
5IY3:A,ASU55409,96.045,177,3,4,172,344,970,1146,3.38e-107,341,96.61
5IY3:A,ASU55400,95.000,180,5,4,1,176,971,1150,2.79e-107,342,95.00
5IY3:A,ASU55400,96.045,177,3,4,172,344,970,1146,3.38e-107,341,96.61
5IY3:A,ANS60026,94.444,180,6,4,1,176,971,1150,4.02e-107,341,95.00
5IY3:A,ANS60026,95.480,177,4,4,172,344,970,1146,4.88e-107,341,96.61
5IY3:A,AMK79469,93.889,180,7,4,1,176,971,1150,3.42e-106,338,94.44
5IY3:A,AMK79469,95.455,176,4,4,173,344,971,1146,5.49e-106,338,96.02
5IY3:A,ARB07931,92.778,180,9,4,1,176,971,1150,1.34e-104,334,93.33
5IY3:A,ARB07931,93.785,177,7,4,172,344,970,1146,1.61e-104,333,94.92
5IY3:A,ARB07974,66.667,180,56,4,1,176,971,1150,2.85e-63,215,66.67
5IY3:A,ARB07974,67.232,177,54,4,172,344,970,1146,3.48e-63,214,67.80


