5JMT:A,AQS26828,95.485,443,1,11,1,424,1677,2119,0.0,827,95.49
5JMT:A,AQS26822,95.485,443,1,11,1,424,1677,2119,0.0,827,95.49
5JMT:A,AOY08542,95.485,443,1,11,1,424,1677,2119,0.0,827,95.49
5JMT:A,APO39231,95.485,443,1,11,1,424,1677,2119,0.0,827,95.49
5JMT:A,AOY08525,95.485,443,1,11,1,424,1677,2119,0.0,827,95.49
5JMT:A,APW84877,95.485,443,1,11,1,424,1677,2119,0.0,827,95.49
5JMT:A,ANH22038,95.485,443,1,11,1,424,1677,2119,0.0,827,95.49
5JMT:A,AVZ25032,95.485,443,1,11,1,424,1677,2119,0.0,827,95.49
5JMT:A,ARB07932,95.485,443,1,11,1,424,1677,2119,0.0,827,95.49
5JMT:A,APW84876,95.485,443,1,11,1,424,1677,2119,0.0,827,95.49
5JMT:A,ARB07996,95.485,443,1,11,1,424,1677,2119,0.0,827,95.49
5JMT:A,AMN14619,95.485,443,1,11,1,424,1677,2119,0.0,827,95.49
5JMT:A,AVZ25035,95.485,443,1,11,1,424,1677,2119,0.0,827,95.49
5JMT:A,AOY08537,95.485,443,1,11,1,424,1677,2119,0.0,827,95.49
5JMT:A,ASU55395,95.485,443,1,11,1,424,1677,2119,0.0,827,95.49
5JMT:A,AYI50392,95.485,443,1,11,1,424,1677,2119,0.0,827,95.49
5JMT:A,ARB07962,95.485,443,1,11,1,424,1677,2119,0.0,827,95.49
5JMT:A,APW84875,95.485,443,1,11,1,424,1677,2119,0.0,827,95.49
5JMT:A,AOY08535,95.485,443,1,11,1,424,1677,2119,0.0,827,95.49
5JMT:A,APW84874,95.485,443,1,11,1,424,1677,2119,0.0,827,95.49
5JMT:A,ASU55398,95.485,443,1,11,1,424,1677,2119,0.0,827,95.49
5JMT:A,ANB66184,95.485,443,1,11,1,424,1677,2119,0.0,827,95.49
5JMT:A,ASU55411,95.485,443,1,11,1,424,1677,2119,0.0,827,95.49
5JMT:A,ASU55393,95.485,443,1,11,1,424,1677,2119,0.0,827,95.49
5JMT:A,ASU55403,95.485,443,1,11,1,424,1677,2119,0.0,827,95.49
5JMT:A,APW84873,95.485,443,1,11,1,424,1677,2119,0.0,827,95.49
5JMT:A,AVZ47169,95.485,443,1,11,1,424,1677,2119,0.0,827,95.49
5JMT:A,ARB07981,95.485,443,1,11,1,424,1677,2119,0.0,827,95.49
5JMT:A,BAV82373,95.485,443,1,11,1,424,1677,2119,0.0,827,95.49
5JMT:A,ASU55400,95.485,443,1,11,1,424,1677,2119,0.0,827,95.49
5JMT:A,ASU55406,95.485,443,1,11,1,424,1677,2119,0.0,827,95.49
5JMT:A,AOX49265,95.485,443,1,11,1,424,1677,2119,0.0,827,95.49
5JMT:A,APW84872,95.485,443,1,11,1,424,1677,2119,0.0,827,95.49
5JMT:A,AOY08518,95.485,443,1,11,1,424,1677,2119,0.0,827,95.49
5JMT:A,ASU55396,95.485,443,1,11,1,424,1677,2119,0.0,827,95.49
5JMT:A,APH11511,95.485,443,1,11,1,424,1677,2119,0.0,827,95.49
5JMT:A,AOS90224,95.485,443,1,11,1,424,1677,2119,0.0,827,95.49
5JMT:A,BAX00477,95.485,443,1,11,1,424,1677,2119,0.0,827,95.49
5JMT:A,AOY08522,95.485,443,1,11,1,424,1677,2119,0.0,827,95.49
5JMT:A,AMQ76465,95.485,443,1,11,1,424,1677,2119,0.0,827,95.49
5JMT:A,AMN14620,95.485,443,1,11,1,424,1677,2119,0.0,827,95.49
5JMT:A,ARM59239,95.485,443,1,11,1,424,1677,2119,0.0,827,95.49
5JMT:A,APH11547,95.485,443,1,11,1,424,1677,2119,0.0,827,95.49
5JMT:A,APH11509,95.485,443,1,11,1,424,1677,2119,0.0,826,95.49
5JMT:A,AOY08538,95.485,443,1,11,1,424,1677,2119,0.0,826,95.49
5JMT:A,AOI20067,95.485,443,1,11,1,424,1677,2119,0.0,826,95.49
5JMT:A,APO39232,95.485,443,1,11,1,424,1677,2119,0.0,826,95.49
5JMT:A,AOY08546,95.485,443,1,11,1,424,1677,2119,0.0,826,95.49
5JMT:A,AOO85388,95.485,443,1,11,1,424,1677,2119,0.0,826,95.49
5JMT:A,ANO46306,95.485,443,1,11,1,424,1677,2119,0.0,826,95.49
5JMT:A,ASU55413,95.485,443,1,11,1,424,1677,2119,0.0,826,95.49
5JMT:A,APH11571,95.485,443,1,11,1,424,1677,2119,0.0,826,95.49
5JMT:A,APH11518,95.485,443,1,11,1,424,1677,2119,0.0,826,95.49
5JMT:A,APH11501,95.485,443,1,11,1,424,1677,2119,0.0,826,95.49
5JMT:A,ART29826,95.485,443,1,11,1,424,1677,2119,0.0,826,95.49
5JMT:A,AOX49264,95.485,443,1,11,1,424,1677,2119,0.0,826,95.49
5JMT:A,APH11565,95.485,443,1,11,1,424,1677,2119,0.0,826,95.49
5JMT:A,AML81028,95.485,443,1,11,1,424,1677,2119,0.0,826,95.49
5JMT:A,ANQ92019,95.485,443,1,11,1,424,1677,2119,0.0,826,95.49
5JMT:A,AMM39804,95.485,443,1,11,1,424,1677,2119,0.0,826,95.49
5JMT:A,APH11575,95.485,443,1,11,1,424,1677,2119,0.0,826,95.49
5JMT:A,ASU55418,95.485,443,1,11,1,424,1677,2119,0.0,826,95.49
5JMT:A,AMR39831,95.485,443,1,11,1,424,1677,2119,0.0,826,95.49
5JMT:A,ANC90425,95.485,443,1,11,1,424,1677,2119,0.0,826,95.49
5JMT:A,APH11531,95.485,443,1,11,1,424,1677,2119,0.0,826,95.49
5JMT:A,AMQ48982,95.485,443,1,11,1,424,1677,2119,0.0,826,95.49
5JMT:A,ARU07074,95.485,443,1,11,1,424,1677,2119,0.0,826,95.49
5JMT:A,ASU55420,95.485,443,1,11,1,424,1677,2119,0.0,826,95.49
5JMT:A,APR74597,95.485,443,1,11,1,424,1677,2119,0.0,826,95.49
5JMT:A,AFD30972,95.485,443,1,11,1,424,1677,2119,0.0,826,95.49
5JMT:A,APH11546,95.485,443,1,11,1,424,1677,2119,0.0,826,95.49
5JMT:A,ASU55402,95.485,443,1,11,1,424,1677,2119,0.0,826,95.49
5JMT:A,ANF04752,95.485,443,1,11,1,424,1677,2119,0.0,826,95.49
5JMT:A,APQ41784,95.485,443,1,11,1,424,1677,2119,0.0,826,95.49
5JMT:A,APH11557,95.485,443,1,11,1,424,1677,2119,0.0,826,95.49
5JMT:A,AOG18295,95.485,443,1,11,1,424,1677,2119,0.0,826,95.49
5JMT:A,AMZ03556,95.485,443,1,11,1,424,1677,2119,0.0,826,95.49
5JMT:A,ANO46303,95.485,443,1,11,1,424,1677,2119,0.0,826,95.49
5JMT:A,BBA85762,95.485,443,1,11,1,424,1677,2119,0.0,826,95.49
5JMT:A,AMO03410,95.485,443,1,11,1,424,1677,2119,0.0,826,95.49
5JMT:A,APH11497,95.485,443,1,11,1,424,1677,2119,0.0,826,95.49
5JMT:A,APH11548,95.485,443,1,11,1,424,1677,2119,0.0,826,95.49
5JMT:A,APH11568,95.485,443,1,11,1,424,1677,2119,0.0,826,95.49
5JMT:A,AMK49164,95.485,443,1,11,1,424,1677,2119,0.0,826,95.49
5JMT:A,APH11555,95.485,443,1,11,1,424,1677,2119,0.0,826,95.49
5JMT:A,ANB66182,95.485,443,1,11,1,424,1677,2119,0.0,826,95.49
5JMT:A,AUF35021,95.485,443,1,11,1,424,1677,2119,0.0,826,95.49
5JMT:A,APQ41782,95.485,443,1,11,1,424,1677,2119,0.0,826,95.49
5JMT:A,APH11592,95.485,443,1,11,1,424,1677,2119,0.0,826,95.49
5JMT:A,ANW07476,95.485,443,1,11,1,424,1677,2119,0.0,826,95.49
5JMT:A,APH11495,95.485,443,1,11,1,424,1677,2119,0.0,826,95.49
5JMT:A,APH11583,95.485,443,1,11,1,424,1677,2119,0.0,826,95.49
5JMT:A,AOY08521,95.485,443,1,11,1,424,1677,2119,0.0,826,95.49
5JMT:A,APH11532,95.485,443,1,11,1,424,1677,2119,0.0,826,95.49
5JMT:A,APH11540,95.485,443,1,11,1,424,1677,2119,0.0,826,95.49
5JMT:A,APH11570,95.485,443,1,11,1,424,1677,2119,0.0,826,95.49
5JMT:A,APH11525,95.485,443,1,11,1,424,1677,2119,0.0,826,95.49
5JMT:A,APB03019,95.485,443,1,11,1,424,1677,2119,0.0,826,95.49
5JMT:A,APH11590,95.485,443,1,11,1,424,1677,2119,0.0,826,95.49
5JMT:A,AWH65849,95.485,443,1,11,1,424,1677,2119,0.0,826,95.49
5JMT:A,AOS90220,95.485,443,1,11,1,424,1677,2119,0.0,826,95.49
5JMT:A,APH11549,95.485,443,1,11,1,424,1677,2119,0.0,826,95.49
5JMT:A,APH11534,95.485,443,1,11,1,424,1677,2119,0.0,826,95.49
5JMT:A,ASU55390,95.485,443,1,11,1,424,1677,2119,0.0,826,95.49
5JMT:A,APH11560,95.485,443,1,11,1,424,1677,2119,0.0,826,95.49
5JMT:A,AOS90222,95.485,443,1,11,1,424,1677,2119,0.0,826,95.49
5JMT:A,AOR82893,95.485,443,1,11,1,424,1677,2119,0.0,826,95.49
5JMT:A,ARX97119,95.485,443,1,11,1,424,1677,2119,0.0,826,95.49
5JMT:A,AOS90221,95.485,443,1,11,1,424,1677,2119,0.0,826,95.49
5JMT:A,APH11498,95.485,443,1,11,1,424,1677,2119,0.0,826,95.49
5JMT:A,AVG19203,95.485,443,1,11,1,424,1677,2119,0.0,826,95.49
5JMT:A,ASU55407,95.485,443,1,11,1,424,1677,2119,0.0,826,95.49
5JMT:A,AYI50389,95.485,443,1,11,1,424,1677,2119,0.0,826,95.49
5JMT:A,APB03021,95.485,443,1,11,1,424,1677,2119,0.0,826,95.49
5JMT:A,APH11554,95.485,443,1,11,1,424,1677,2119,0.0,826,95.49
5JMT:A,APH11563,95.485,443,1,11,1,424,1677,2119,0.0,826,95.49
5JMT:A,APH11503,95.485,443,1,11,1,424,1677,2119,0.0,826,95.49
5JMT:A,ANO46308,95.485,443,1,11,1,424,1677,2119,0.0,826,95.49
5JMT:A,AMM39806,95.485,443,1,11,1,424,1677,2119,0.0,826,95.49
5JMT:A,AMM43326,95.485,443,1,11,1,424,1677,2119,0.0,826,95.49
5JMT:A,APH11585,95.485,443,1,11,1,424,1677,2119,0.0,826,95.49
5JMT:A,APH11528,95.485,443,1,11,1,424,1677,2119,0.0,826,95.49
5JMT:A,ASU55426,95.485,443,1,11,1,424,1677,2119,0.0,826,95.49
5JMT:A,AMA12085,95.485,443,1,11,1,424,1677,2119,0.0,826,95.49
5JMT:A,APO39228,95.485,443,1,11,1,424,1677,2119,0.0,826,95.49
5JMT:A,ARB07976,95.485,443,1,11,1,424,1677,2119,0.0,826,95.49
5JMT:A,AOY08517,95.485,443,1,11,1,424,1677,2119,0.0,826,95.49
5JMT:A,AQS26814,95.485,443,1,11,1,424,1677,2119,0.0,826,95.49
5JMT:A,ARU07076,95.485,443,1,11,1,424,1677,2119,0.0,826,95.49
5JMT:A,APH11573,95.485,443,1,11,1,424,1677,2119,0.0,826,95.49
5JMT:A,ARB07953,95.485,443,1,11,1,424,1677,2119,0.0,826,95.49
5JMT:A,APH11539,95.485,443,1,11,1,424,1677,2119,0.0,826,95.49
5JMT:A,APH11537,95.485,443,1,11,1,424,1677,2119,0.0,826,95.49
5JMT:A,AMX81918,95.485,443,1,11,1,424,1677,2119,0.0,826,95.49
5JMT:A,APH11561,95.485,443,1,11,1,424,1677,2119,0.0,826,95.49
5JMT:A,APH11579,95.485,443,1,11,1,424,1677,2119,0.0,826,95.49
5JMT:A,AMQ34003,95.485,443,1,11,1,424,1677,2119,0.0,826,95.49
5JMT:A,ANK57897,95.485,443,1,11,1,424,1677,2119,0.0,826,95.49
5JMT:A,APH11504,95.485,443,1,11,1,424,1677,2119,0.0,826,95.49
5JMT:A,ASU55404,95.485,443,1,11,1,424,1677,2119,0.0,826,95.49
5JMT:A,ALX35659,95.485,443,1,11,1,424,1677,2119,0.0,826,95.49
5JMT:A,ARB07967,95.485,443,1,11,1,424,1677,2119,0.0,826,95.49
5JMT:A,AMH87239,95.485,443,1,11,1,424,1677,2119,0.0,826,95.49
5JMT:A,ANO46305,95.485,443,1,11,1,424,1677,2119,0.0,826,95.49
5JMT:A,AMA12084,95.485,443,1,11,1,424,1677,2119,0.0,826,95.49
5JMT:A,APH11517,95.485,443,1,11,1,424,1677,2119,0.0,826,95.49
5JMT:A,APH11542,95.485,443,1,11,1,424,1677,2119,0.0,826,95.49
5JMT:A,APO39237,95.485,443,1,11,1,424,1677,2119,0.0,826,95.49
5JMT:A,AMM39805,95.485,443,1,11,1,424,1677,2119,0.0,826,95.49
5JMT:A,APH11559,95.485,443,1,11,1,424,1677,2119,0.0,826,95.49
5JMT:A,ARB07988,95.485,443,1,11,1,424,1677,2119,0.0,826,95.49
5JMT:A,APH11578,95.485,443,1,11,1,424,1677,2119,0.0,826,95.49
5JMT:A,AOY08541,95.485,443,1,11,1,424,1677,2119,0.0,826,95.49
5JMT:A,APH11594,95.485,443,1,11,1,424,1677,2119,0.0,826,95.49
5JMT:A,APH11586,95.485,443,1,11,1,424,1677,2119,0.0,826,95.49
5JMT:A,AMT75536,95.485,443,1,11,1,424,1677,2119,0.0,826,95.49
5JMT:A,APH11523,95.485,443,1,11,1,424,1677,2119,0.0,826,95.49
5JMT:A,AQS26806,95.485,443,1,11,1,424,1677,2119,0.0,826,95.49
5JMT:A,AVG19275,95.485,443,1,11,1,424,1677,2119,0.0,826,95.49
5JMT:A,APH11543,95.485,443,1,11,1,424,1677,2119,0.0,826,95.49
5JMT:A,AYI50273,95.485,443,1,11,1,424,1677,2119,0.0,826,95.49
5JMT:A,ASU55425,95.485,443,1,11,1,424,1677,2119,0.0,826,95.49
5JMT:A,ASU55401,95.485,443,1,11,1,424,1677,2119,0.0,826,95.49
5JMT:A,AOR82892,95.485,443,1,11,1,424,1677,2119,0.0,826,95.49
5JMT:A,AYI50390,95.485,443,1,11,1,424,1677,2119,0.0,826,95.49
5JMT:A,APH11550,95.485,443,1,11,1,424,1677,2119,0.0,826,95.49
5JMT:A,ASU55391,95.485,443,1,11,1,424,1677,2119,0.0,826,95.49
5JMT:A,AMR39834,95.485,443,1,11,1,424,1677,2119,0.0,826,95.49
5JMT:A,AMV49165,95.485,443,1,11,1,424,1677,2119,0.0,826,95.49
5JMT:A,APH11556,95.485,443,1,11,1,424,1677,2119,0.0,826,95.49
5JMT:A,BAV89190,95.485,443,1,11,1,424,1677,2119,0.0,826,95.49
5JMT:A,APH11569,95.485,443,1,11,1,424,1677,2119,0.0,826,95.49
5JMT:A,ASU55409,95.485,443,1,11,1,424,1677,2119,0.0,826,95.49
5JMT:A,ANB66183,95.485,443,1,11,1,424,1677,2119,0.0,826,95.49
5JMT:A,APH11505,95.485,443,1,11,1,424,1677,2119,0.0,826,95.49
5JMT:A,AQX32986,95.485,443,1,11,1,424,1677,2119,0.0,826,95.49
5JMT:A,APH11577,95.485,443,1,11,1,424,1677,2119,0.0,826,95.49
5JMT:A,APH11587,95.485,443,1,11,1,424,1677,2119,0.0,826,95.49
5JMT:A,APY24198,95.485,443,1,11,1,424,1677,2119,0.0,826,95.49
5JMT:A,AOY08524,95.485,443,1,11,1,424,1677,2119,0.0,826,95.49
5JMT:A,ANH10698,95.485,443,1,11,1,424,1677,2119,0.0,826,95.49
5JMT:A,APH11593,95.485,443,1,11,1,424,1677,2119,0.0,826,95.49
5JMT:A,AMK79468,95.485,443,1,11,1,424,1677,2119,0.0,826,95.49
5JMT:A,ARB07978,95.485,443,1,11,1,424,1677,2119,0.0,826,95.49
5JMT:A,APH11526,95.485,443,1,11,1,424,1677,2119,0.0,826,95.49
5JMT:A,ARO84674,95.485,443,1,11,1,424,1677,2119,0.0,826,95.49
5JMT:A,ASU55412,95.485,443,1,11,1,424,1677,2119,0.0,826,95.49
5JMT:A,AOO53981,95.485,443,1,11,1,424,1677,2119,0.0,826,95.49
5JMT:A,AOL02459,95.485,443,1,11,1,424,1677,2119,0.0,826,95.49
5JMT:A,ASU55424,95.485,443,1,11,1,424,1677,2119,0.0,826,95.49
5JMT:A,ASU55414,95.485,443,1,11,1,424,1677,2119,0.0,826,95.49
5JMT:A,APH11506,95.485,443,1,11,1,424,1677,2119,0.0,826,95.49
5JMT:A,APH11499,95.485,443,1,11,1,424,1677,2119,0.0,826,95.49
5JMT:A,APH11562,95.485,443,1,11,1,424,1677,2119,0.0,826,95.49
5JMT:A,ART29825,95.485,443,1,11,1,424,1677,2119,0.0,826,95.49
5JMT:A,AXF50015,95.485,443,1,11,1,424,1677,2119,0.0,826,95.49
5JMT:A,ASU55394,95.485,443,1,11,1,424,1677,2119,0.0,826,95.49
5JMT:A,APO39233,95.485,443,1,11,1,424,1677,2119,0.0,826,95.49
5JMT:A,ATB53752,95.485,443,1,11,1,424,1677,2119,0.0,826,95.49
5JMT:A,AMU04506,95.485,443,1,11,1,424,1677,2119,0.0,826,95.49
5JMT:A,AWK27349,95.485,443,1,11,1,424,1677,2119,0.0,826,95.49
5JMT:A,APH11566,95.485,443,1,11,1,424,1677,2119,0.0,826,95.49
5JMT:A,ANO46309,95.485,443,1,11,1,424,1677,2119,0.0,826,95.49
5JMT:A,ANO46307,95.485,443,1,11,1,424,1677,2119,0.0,826,95.49
5JMT:A,APH11553,95.485,443,1,11,1,424,1677,2119,0.0,826,95.49
5JMT:A,APH11500,95.485,443,1,11,1,424,1677,2119,0.0,826,95.49
5JMT:A,ASU55419,95.485,443,1,11,1,424,1677,2119,0.0,826,95.49
5JMT:A,AUI42329,95.485,443,1,11,1,424,1677,2119,0.0,826,95.49
5JMT:A,APH11582,95.485,443,1,11,1,424,1677,2119,0.0,826,95.49
5JMT:A,ASU55417,95.485,443,1,11,1,424,1677,2119,0.0,826,95.49
5JMT:A,AMR39830,95.485,443,1,11,1,424,1677,2119,0.0,826,95.49
5JMT:A,AUF35022,95.485,443,1,11,1,424,1677,2119,0.0,826,95.49
5JMT:A,ASU55421,95.485,443,1,11,1,424,1677,2119,0.0,826,95.49
5JMT:A,APH11576,95.485,443,1,11,1,424,1677,2119,0.0,826,95.49
5JMT:A,APH11530,95.485,443,1,11,1,424,1677,2119,0.0,826,95.49
5JMT:A,APH11538,95.485,443,1,11,1,424,1677,2119,0.0,826,95.49
5JMT:A,APH11521,95.485,443,1,11,1,424,1677,2119,0.0,826,95.49
5JMT:A,APQ41785,95.485,443,1,11,1,424,1677,2119,0.0,826,95.49
5JMT:A,APH11507,95.485,443,1,11,1,424,1677,2119,0.0,826,95.49
5JMT:A,ANO46302,95.485,443,1,11,1,424,1677,2119,0.0,826,95.49
5JMT:A,AMC13911,95.485,443,1,11,1,424,1677,2119,0.0,826,95.49
5JMT:A,APQ41783,95.485,443,1,11,1,424,1677,2119,0.0,826,95.49
5JMT:A,ASU55405,95.485,443,1,11,1,424,1677,2119,0.0,826,95.49
5JMT:A,AXF50016,95.485,443,1,11,1,424,1677,2119,0.0,826,95.49
5JMT:A,AUI42330,95.485,443,1,11,1,424,1670,2112,0.0,826,95.49
5JMT:A,APH11567,95.485,443,1,11,1,424,1677,2119,0.0,826,95.49
5JMT:A,ANO46304,95.485,443,1,11,1,424,1677,2119,0.0,826,95.49
5JMT:A,APH11541,95.485,443,1,11,1,424,1677,2119,0.0,826,95.49
5JMT:A,AHZ13508,95.485,443,1,11,1,424,1677,2119,0.0,826,95.49
5JMT:A,ANH21697,95.485,443,1,11,1,424,1677,2119,0.0,826,95.49
5JMT:A,APO39236,95.485,443,1,11,1,424,1677,2119,0.0,826,95.49
5JMT:A,APH11558,95.485,443,1,11,1,424,1677,2119,0.0,826,95.49
5JMT:A,AMR68932,95.485,443,1,11,1,424,1677,2119,0.0,826,95.49
5JMT:A,ARK18853,95.485,443,1,11,1,424,1677,2119,0.0,826,95.49
5JMT:A,AWH65848,95.485,443,1,11,1,424,1677,2119,0.0,826,95.49
5JMT:A,APH11524,95.485,443,1,11,1,424,1677,2119,0.0,826,95.49
5JMT:A,AML82110,95.485,443,1,11,1,424,1677,2119,0.0,826,95.49
5JMT:A,AMA12087,95.485,443,1,11,1,424,1677,2119,0.0,826,95.49
5JMT:A,APH11533,95.485,443,1,11,1,424,1677,2119,0.0,826,95.49
5JMT:A,AQX32988,95.485,443,1,11,1,424,1677,2119,0.0,826,95.49
5JMT:A,APH11589,95.485,443,1,11,1,424,1677,2119,0.0,826,95.49
5JMT:A,AOR87336,95.485,443,1,11,1,424,1677,2119,0.0,826,95.49
5JMT:A,ARB08102,95.485,443,1,11,1,424,1677,2119,0.0,826,95.49
5JMT:A,APH11544,95.485,443,1,11,1,424,1677,2119,0.0,826,95.49
5JMT:A,APH11510,95.485,443,1,11,1,424,1677,2119,0.0,826,95.49
5JMT:A,ANN44857,95.485,443,1,11,1,424,1677,2119,0.0,826,95.49
5JMT:A,APH11535,95.485,443,1,11,1,424,1677,2119,0.0,826,95.49
5JMT:A,ASU55392,95.485,443,1,11,1,424,1677,2119,0.0,826,95.49
5JMT:A,APQ41786,95.485,443,1,11,1,424,1677,2119,0.0,826,95.49
5JMT:A,APH11513,95.485,443,1,11,1,424,1677,2119,0.0,826,95.49
5JMT:A,ANA12599,95.485,443,1,11,1,424,1677,2119,0.0,826,95.49
5JMT:A,ANO46301,95.485,443,1,11,1,424,1677,2119,0.0,826,95.49
5JMT:A,ASU55422,95.485,443,1,11,1,424,1677,2119,0.0,826,95.49
5JMT:A,AMB18850,95.485,443,1,11,1,424,1677,2119,0.0,826,95.49
5JMT:A,APH11502,95.485,443,1,11,1,424,1677,2119,0.0,826,95.49
5JMT:A,ANF16414,95.485,443,1,11,1,424,1677,2119,0.0,826,95.49
5JMT:A,AMC33116,95.485,443,1,11,1,424,1677,2119,0.0,826,95.49
5JMT:A,APH11564,95.485,443,1,11,1,424,1677,2119,0.0,826,95.49
5JMT:A,APH11529,95.485,443,1,11,1,424,1677,2119,0.0,826,95.49
5JMT:A,AQX32987,95.485,443,1,11,1,424,1677,2119,0.0,826,95.49
5JMT:A,APH11584,95.485,443,1,11,1,424,1677,2119,0.0,826,95.49
5JMT:A,APY24200,95.485,443,1,11,1,424,1677,2119,0.0,826,95.49
5JMT:A,AOY08516,95.485,443,1,11,1,424,1677,2119,0.0,826,95.49
5JMT:A,APY24199,95.485,443,1,11,1,424,1677,2119,0.0,826,95.49
5JMT:A,ARU07075,95.485,443,1,11,1,424,1677,2119,0.0,826,95.49
5JMT:A,APH11574,95.485,443,1,11,1,424,1677,2119,0.0,826,95.49
5JMT:A,APH11572,95.485,443,1,11,1,424,1677,2119,0.0,826,95.49
5JMT:A,AMD16557,95.485,443,1,11,1,424,1677,2119,0.0,826,95.49
5JMT:A,AOC50652,95.485,443,1,11,1,424,1677,2119,0.0,826,95.49
5JMT:A,AMA12086,95.485,443,1,11,1,424,1677,2119,0.0,826,95.49
5JMT:A,ANC90428,95.485,443,1,11,1,424,1677,2119,0.0,826,95.49
5JMT:A,APH11527,95.485,443,1,11,1,424,1677,2119,0.0,826,95.49
5JMT:A,ASW34087,95.485,443,1,11,1,424,1677,2119,0.0,826,95.49
5JMT:A,AMM43325,95.485,443,1,11,1,424,1677,2119,0.0,826,95.49
5JMT:A,APB03017,95.485,443,1,11,1,424,1677,2119,0.0,826,95.49
5JMT:A,APH11580,95.485,443,1,11,1,424,1677,2119,0.0,826,95.49
5JMT:A,AOY08523,95.485,443,1,11,1,424,1677,2119,0.0,826,95.49
5JMT:A,APO08504,95.485,443,1,11,1,424,1677,2119,0.0,826,95.49
5JMT:A,APH11545,95.485,443,1,11,1,424,1677,2119,0.0,826,95.49
5JMT:A,AMQ34004,95.485,443,1,11,1,424,1677,2119,0.0,826,95.49
5JMT:A,ASU55415,95.485,443,1,11,1,424,1677,2119,0.0,826,95.49
5JMT:A,AMZ03557,95.485,443,1,11,1,424,1677,2119,0.0,826,95.49
5JMT:A,AQU12485,95.485,443,1,11,1,424,1677,2119,0.0,826,95.49
5JMT:A,APH11610,95.485,443,1,11,1,424,1677,2119,0.0,826,95.49
5JMT:A,AOE22997,95.485,443,1,11,1,424,1677,2119,0.0,826,95.49
5JMT:A,ASU55416,95.485,443,1,11,1,424,1677,2119,0.0,826,95.49
5JMT:A,APH11520,95.485,443,1,11,1,424,1677,2119,0.0,826,95.49
5JMT:A,APH11611,95.485,443,1,11,1,424,1677,2119,0.0,826,95.49
5JMT:A,ASU55423,95.485,443,1,11,1,424,1677,2119,0.0,826,95.49
5JMT:A,AYI50274,95.485,443,1,11,1,424,1677,2119,0.0,826,95.49
5JMT:A,APG56499,95.485,443,1,11,1,424,1677,2119,0.0,826,95.49
5JMT:A,APO39240,95.485,443,1,11,1,424,1677,2119,0.0,826,95.49
5JMT:A,AMX81916,95.485,443,1,11,1,424,1677,2119,0.0,826,95.49
5JMT:A,APG56457,95.485,443,1,11,1,424,1677,2119,0.0,826,95.49
5JMT:A,ASU55399,95.485,443,1,11,1,424,1677,2119,0.0,826,95.49
5JMT:A,ASU55408,95.485,443,1,11,1,424,1677,2119,0.0,826,95.49
5JMT:A,AYI50388,95.485,443,1,11,1,424,1677,2119,0.0,826,95.49
5JMT:A,ASW34302,95.485,443,1,11,1,424,1677,2119,0.0,826,95.49
5JMT:A,AMX81917,95.485,443,1,11,1,424,1677,2119,0.0,826,95.49
5JMT:A,ASU55410,95.260,443,2,11,1,424,1677,2119,0.0,825,95.49
5JMT:A,AYI50275,95.485,443,1,11,1,424,1677,2119,0.0,825,95.49
5JMT:A,AOY08526,95.260,443,2,11,1,424,1677,2119,0.0,825,95.49
5JMT:A,AMX81915,95.485,443,1,11,1,424,1677,2119,0.0,825,95.49
5JMT:A,AXY03803,95.485,443,1,11,1,424,1677,2119,0.0,825,95.49
5JMT:A,APH11492,95.260,443,2,11,1,424,1677,2119,0.0,825,95.49
5JMT:A,AOO54270,95.260,443,2,11,1,424,1677,2119,0.0,825,95.49
5JMT:A,ATG29270,95.260,443,2,11,1,424,1677,2119,0.0,825,95.49
5JMT:A,AMC13912,95.260,443,2,11,1,424,1677,2119,0.0,825,95.49
5JMT:A,ASL68974,95.260,443,2,11,1,424,1677,2119,0.0,825,95.49
5JMT:A,ASU55397,95.260,443,2,11,1,424,1677,2119,0.0,825,95.49
5JMT:A,APO36913,95.260,443,2,11,1,424,1677,2119,0.0,825,95.49
5JMT:A,APC60215,95.260,443,2,11,1,424,1677,2119,0.0,825,95.49
5JMT:A,AVV62004,95.260,443,2,11,1,424,1677,2119,0.0,825,95.26
5JMT:A,ATG29302,95.260,443,2,11,1,424,1677,2119,0.0,825,95.49
5JMT:A,AUI42194,95.260,443,2,11,1,424,1677,2119,0.0,825,95.49
5JMT:A,ATG29299,95.260,443,2,11,1,424,1677,2119,0.0,825,95.49
5JMT:A,ATG29297,95.260,443,2,11,1,424,1677,2119,0.0,825,95.49
5JMT:A,ATG29307,95.260,443,2,11,1,424,1677,2119,0.0,825,95.49
5JMT:A,AQW43708,95.260,443,2,11,1,424,1677,2119,0.0,825,95.49
5JMT:A,AMC13913,95.260,443,2,11,1,424,1677,2119,0.0,825,95.49
5JMT:A,AND01116,95.260,443,2,11,1,424,1677,2119,0.0,825,95.49
5JMT:A,AOC50654,95.260,443,2,11,1,424,1677,2119,0.0,825,95.49
5JMT:A,AMQ48981,95.260,443,2,11,1,424,1677,2119,0.0,825,95.49
5JMT:A,AOG18296,95.260,443,2,11,1,424,1677,2119,0.0,825,95.49
5JMT:A,AOO19564,95.260,443,2,11,1,424,1677,2119,0.0,825,95.49
5JMT:A,AMS00611,95.260,443,2,11,1,424,1677,2119,0.0,825,95.49
5JMT:A,ATG29280,95.260,443,2,11,1,424,1677,2119,0.0,825,95.49
5JMT:A,ATG29295,95.260,443,2,11,1,424,1677,2119,0.0,825,95.49
5JMT:A,ARU07183,95.260,443,2,11,1,424,1677,2119,0.0,825,95.49
5JMT:A,ANO46297,95.260,443,2,11,1,424,1677,2119,0.0,825,95.49
5JMT:A,ASL68979,95.260,443,2,11,1,424,1677,2119,0.0,825,95.49
5JMT:A,AQZ41950,95.260,443,2,11,1,424,1677,2119,0.0,825,95.49
5JMT:A,APO08503,95.260,443,2,11,1,424,1677,2119,0.0,825,95.49
5JMT:A,APO39243,95.260,443,2,11,1,424,1677,2119,0.0,825,95.49
5JMT:A,ARB07930,95.260,443,2,11,1,424,1677,2119,0.0,825,95.49
5JMT:A,APH11551,95.260,443,2,11,1,424,1677,2119,0.0,825,95.49
5JMT:A,AQZ41949,95.260,443,2,11,1,424,1677,2119,0.0,825,95.49
5JMT:A,AOY08533,95.260,443,2,11,1,424,1677,2119,0.0,825,95.49
5JMT:A,AQM74761,95.260,443,2,11,1,424,1677,2119,0.0,825,95.49
5JMT:A,ANO46298,95.260,443,2,11,1,424,1677,2119,0.0,825,95.49
5JMT:A,ATG29315,95.260,443,2,11,1,424,1677,2119,0.0,825,95.49
5JMT:A,ARB07960,95.260,443,2,11,1,424,1677,2119,0.0,825,95.49
5JMT:A,AWF93617,95.260,443,2,11,1,424,1677,2119,0.0,825,95.49
5JMT:A,ATG29291,95.260,443,2,11,1,424,1677,2119,0.0,825,95.49
5JMT:A,ANG09399,95.260,443,2,11,1,424,1677,2119,0.0,825,95.49
5JMT:A,AQZ41948,95.260,443,2,11,1,424,1677,2119,0.0,825,95.49
5JMT:A,AOS90223,95.260,443,2,11,1,424,1677,2119,0.0,825,95.26
5JMT:A,ATI21641,95.260,443,2,11,1,424,1677,2119,0.0,825,95.49
5JMT:A,AQZ41947,95.260,443,2,11,1,424,1677,2119,0.0,825,95.49
5JMT:A,AQZ41955,95.260,443,2,11,1,424,1677,2119,0.0,825,95.49
5JMT:A,AQZ41952,95.260,443,2,11,1,424,1677,2119,0.0,825,95.49
5JMT:A,ASL68978,95.260,443,2,11,1,424,1677,2119,0.0,825,95.49
5JMT:A,AOY08527,95.260,443,2,11,1,424,1677,2119,0.0,825,95.49
5JMT:A,ATG29285,95.260,443,2,11,1,424,1677,2119,0.0,825,95.49
5JMT:A,AQZ41951,95.260,443,2,11,1,424,1677,2119,0.0,825,95.49
5JMT:A,ARB07964,95.260,443,2,11,1,424,1677,2119,0.0,825,95.49
5JMT:A,AQZ41956,95.260,443,2,11,1,424,1677,2119,0.0,825,95.49
5JMT:A,ART29828,95.260,443,2,11,1,424,1677,2119,0.0,825,95.49
5JMT:A,AOY08540,95.260,443,2,11,1,424,1677,2119,0.0,825,95.49
5JMT:A,ATG29301,95.260,443,2,11,1,424,1677,2119,0.0,825,95.49
5JMT:A,ATG29284,95.260,443,2,11,1,424,1677,2119,0.0,825,95.49
5JMT:A,ATG29306,95.260,443,2,11,1,424,1677,2119,0.0,825,95.49
5JMT:A,AQX32984,95.260,443,2,11,1,424,1677,2119,0.0,825,95.49
5JMT:A,AQZ41953,95.260,443,2,11,1,424,1677,2119,0.0,825,95.49
5JMT:A,ATG29287,95.260,443,2,11,1,424,1677,2119,0.0,825,95.49
5JMT:A,AOY08536,95.260,443,2,11,1,424,1677,2119,0.0,825,95.49
5JMT:A,AQZ41954,95.260,443,2,11,1,424,1677,2119,0.0,825,95.49
5JMT:A,ATG29276,95.260,443,2,11,1,424,1677,2119,0.0,825,95.49
5JMT:A,ATG29267,95.260,443,2,11,1,424,1677,2119,0.0,825,95.49
5JMT:A,AQW43707,95.260,443,2,11,1,424,1677,2119,0.0,825,95.49
5JMT:A,ATG29292,95.260,443,2,11,1,424,1677,2119,0.0,825,95.49
5JMT:A,AQX32985,95.260,443,2,11,1,424,1677,2119,0.0,825,95.49
5JMT:A,APO39229,95.260,443,2,11,1,424,1677,2119,0.0,825,95.49
5JMT:A,AWF93618,95.260,443,2,11,1,424,1677,2119,0.0,825,95.49
5JMT:A,AVZ25033,95.260,443,2,11,1,424,1677,2119,0.0,825,95.49
5JMT:A,ASL68973,95.260,443,2,11,1,424,1677,2119,0.0,825,95.49
5JMT:A,AOO19565,95.260,443,2,11,1,424,1677,2119,0.0,824,95.26
5JMT:A,AQS26800,95.260,443,2,11,1,424,1677,2119,0.0,824,95.26
5JMT:A,AMD61710,95.260,443,2,11,1,424,1677,2119,0.0,824,95.26
5JMT:A,AMK49492,95.260,443,2,11,1,424,1677,2119,0.0,824,95.49
5JMT:A,AUI42289,95.260,443,2,11,1,424,1677,2119,0.0,824,95.49
5JMT:A,APB03020,95.260,443,2,11,1,424,1677,2119,0.0,824,95.26
5JMT:A,APH11536,95.260,443,2,11,1,424,1677,2119,0.0,824,95.26
5JMT:A,ASK51714,95.260,443,2,11,1,424,1677,2119,0.0,824,95.26
5JMT:A,AXF50014,95.260,443,2,11,1,424,1677,2119,0.0,824,95.26
5JMT:A,AQS26808,95.260,443,2,11,1,424,1677,2119,0.0,824,95.26
5JMT:A,AWF93619,95.034,443,3,11,1,424,1677,2119,0.0,824,95.49
5JMT:A,APH11493,95.260,443,2,11,1,424,1677,2119,0.0,824,95.26
5JMT:A,ART29823,95.260,443,2,11,1,424,1677,2119,0.0,824,95.26
5JMT:A,ASB32509,95.260,443,2,11,1,424,1677,2119,0.0,824,95.49
5JMT:A,APH11522,95.260,443,2,11,1,424,1677,2119,0.0,824,95.26
5JMT:A,ALL27019,95.260,443,2,11,1,424,1679,2121,0.0,823,95.49
5JMT:A,ARB07965,95.260,443,2,11,1,424,1677,2119,0.0,823,95.26
5JMT:A,AVG19202,95.034,443,3,11,1,424,1677,2119,0.0,823,95.49
5JMT:A,AMB37295,95.260,443,2,11,1,424,1677,2119,0.0,823,95.49
5JMT:A,APB03018,95.034,443,3,11,1,424,1677,2119,0.0,823,95.26
5JMT:A,ARB07954,95.034,443,3,11,1,424,1677,2119,0.0,823,95.49
5JMT:A,AOW32303,95.034,443,3,11,1,424,1677,2119,0.0,823,95.49
5JMT:A,AOY08539,95.260,443,2,11,1,424,1677,2119,0.0,823,95.26
5JMT:A,BBC70847,95.260,443,2,11,1,424,1677,2119,0.0,823,95.49
5JMT:A,AMX81919,95.260,443,2,11,1,424,1677,2119,0.0,823,95.49
5JMT:A,ANC90426,95.260,443,2,11,1,424,1677,2119,0.0,823,95.49
5JMT:A,ALU33341,95.260,443,2,11,1,424,1677,2119,0.0,823,95.49
5JMT:A,AMK49165,95.260,443,2,11,1,424,1677,2119,0.0,823,95.26
5JMT:A,APC60216,95.034,443,3,11,1,424,1677,2119,0.0,823,95.26
5JMT:A,APH11581,95.260,443,2,11,1,424,1677,2119,0.0,823,95.26
5JMT:A,APH11512,95.260,443,2,11,1,424,1677,2119,0.0,823,95.26
5JMT:A,APH11515,95.260,443,2,11,1,424,1677,2119,0.0,823,95.26
5JMT:A,AQM74762,95.034,443,3,11,1,424,1677,2119,0.0,823,95.26
5JMT:A,AMQ48986,95.034,443,3,11,1,424,1677,2119,0.0,823,95.26
5JMT:A,APH11514,95.260,443,2,11,1,424,1677,2119,0.0,823,95.26
5JMT:A,APH11516,95.260,443,2,11,1,424,1677,2119,0.0,823,95.26
5JMT:A,AUD54964,95.034,443,3,11,1,424,1677,2119,0.0,823,95.26
5JMT:A,APH11508,95.260,443,2,11,1,424,1677,2119,0.0,823,95.26
5JMT:A,ASU55505,95.034,443,3,11,1,424,1677,2119,0.0,823,95.49
5JMT:A,ARB07927,95.034,443,3,11,1,424,1677,2119,0.0,822,95.03
5JMT:A,APH11595,95.260,443,2,11,1,424,1677,2119,0.0,822,95.26
5JMT:A,APH11552,95.260,443,2,11,1,424,1677,2119,0.0,822,95.26
5JMT:A,ATG29303,95.034,443,3,11,1,424,1677,2119,0.0,822,95.26
5JMT:A,AQS26698,95.034,443,3,11,1,424,1673,2115,0.0,822,95.26
5JMT:A,APG56458,95.034,443,3,11,1,424,1677,2119,0.0,821,95.26
5JMT:A,AQS26816,95.034,443,3,11,1,424,1677,2119,0.0,821,95.03
5JMT:A,AMD61711,95.034,443,3,11,1,424,1677,2119,0.0,821,95.26
5JMT:A,AMK79469,94.808,443,4,11,1,424,1677,2119,0.0,820,95.26
5JMT:A,APH11519,95.034,443,3,11,1,424,1677,2119,0.0,820,95.03
5JMT:A,ANS60026,95.034,443,3,11,1,424,1677,2119,0.0,820,95.26
5JMT:A,ACD75819,94.808,443,4,11,1,424,1677,2119,0.0,819,95.26
5JMT:A,ARB07987,94.808,443,4,11,1,424,1677,2119,0.0,818,94.81
5JMT:A,AEN75265,93.905,443,8,11,1,424,1671,2113,0.0,817,95.26
5JMT:A,AMR68906,93.905,443,8,11,1,424,1671,2113,0.0,817,95.26
5JMT:A,ARB07941,95.444,439,1,11,5,424,1681,2119,0.0,816,95.44
5JMT:A,ARB07939,95.444,439,1,11,5,424,1681,2119,0.0,816,95.44
5JMT:A,ARI68105,94.357,443,6,11,1,424,1677,2119,0.0,815,94.81
5JMT:A,AOY08531,94.357,443,6,11,1,424,1677,2119,0.0,814,94.58
5JMT:A,APO39241,94.357,443,6,11,1,424,1677,2119,0.0,813,94.36
5JMT:A,ARB07947,95.423,437,1,11,7,424,1683,2119,0.0,811,95.42
5JMT:A,ARB07945,95.195,437,2,11,7,424,1683,2119,0.0,807,95.19
5JMT:A,ARB07974,95.402,435,1,11,9,424,1685,2119,0.0,807,95.40
5JMT:A,ARB07938,95.381,433,1,11,11,424,1687,2119,0.0,804,95.38
5JMT:A,ARB07957,95.381,433,1,11,11,424,1687,2119,0.0,803,95.38
5JMT:A,ARB07977,95.381,433,1,11,11,424,1687,2119,0.0,803,95.38
5JMT:A,AOY08534,95.370,432,1,11,12,424,1688,2119,0.0,801,95.37
5JMT:A,ARB07936,95.370,432,1,11,12,424,1688,2119,0.0,801,95.37
5JMT:A,ARB07968,95.370,432,1,11,12,424,1688,2119,0.0,801,95.37
5JMT:A,ARB07991,95.370,432,1,11,12,424,1688,2119,0.0,801,95.37
5JMT:A,ARB07971,95.370,432,1,11,12,424,1688,2119,0.0,801,95.37
5JMT:A,AOY08528,95.139,432,2,11,12,424,1688,2119,0.0,800,95.14
5JMT:A,ARB07935,94.907,432,3,11,12,424,1688,2119,0.0,798,95.14
5JMT:A,ARB07931,94.676,432,4,11,12,424,1688,2119,0.0,795,94.68
5JMT:A,ATG29273,91.874,443,17,11,1,424,1677,2119,0.0,792,92.10
5JMT:A,APH11588,90.293,443,24,11,1,424,1677,2119,0.0,774,90.29
5JMT:A,ARB07926,95.157,351,1,9,1,335,1677,2027,0.0,648,95.16
5JMT:A,ARB07926,100.000,26,0,0,399,424,2094,2119,1.81e-10,60.5,100.00
5JMT:A,AOY08519,96.364,330,0,8,107,424,1790,2119,0.0,633,96.36
5JMT:A,ATG29278,86.667,255,26,6,178,424,1865,2119,3.69e-134,422,87.06
5JMT:A,ATG29278,98.649,74,0,1,1,73,1677,1750,2.18e-37,142,98.65


