5K6K:A,AEN75265,96.045,354,6,5,342,687,787,1140,0.0,700,97.74
5K6K:A,AEN75265,91.808,354,9,9,5,338,787,1140,0.0,645,93.50
5K6K:A,AMR68906,96.045,354,6,5,342,687,787,1140,0.0,700,97.74
5K6K:A,AMR68906,91.808,354,9,9,5,338,787,1140,0.0,645,93.50
5K6K:A,APH11589,95.198,354,9,5,342,687,793,1146,0.0,699,97.74
5K6K:A,APH11589,90.960,354,12,9,5,338,793,1146,0.0,644,93.50
5K6K:A,APH11509,95.198,354,9,5,342,687,793,1146,0.0,699,97.74
5K6K:A,APH11509,90.960,354,12,9,5,338,793,1146,0.0,644,93.50
5K6K:A,AOO19565,95.198,354,9,5,342,687,793,1146,0.0,699,97.74
5K6K:A,AOO19565,90.960,354,12,9,5,338,793,1146,0.0,644,93.50
5K6K:A,APH11518,95.198,354,9,5,342,687,793,1146,0.0,699,97.74
5K6K:A,APH11518,90.960,354,12,9,5,338,793,1146,0.0,644,93.50
5K6K:A,APH11501,95.198,354,9,5,342,687,793,1146,0.0,699,97.74
5K6K:A,APH11501,90.960,354,12,9,5,338,793,1146,0.0,644,93.50
5K6K:A,APH11565,95.198,354,9,5,342,687,793,1146,0.0,699,97.74
5K6K:A,APH11565,90.960,354,12,9,5,338,793,1146,0.0,644,93.50
5K6K:A,APH11575,95.198,354,9,5,342,687,793,1146,0.0,699,97.74
5K6K:A,APH11575,90.960,354,12,9,5,338,793,1146,0.0,644,93.50
5K6K:A,APH11531,95.198,354,9,5,342,687,793,1146,0.0,699,97.74
5K6K:A,APH11531,90.960,354,12,9,5,338,793,1146,0.0,644,93.50
5K6K:A,APH11595,95.198,354,9,5,342,687,793,1146,0.0,699,97.74
5K6K:A,APH11595,90.960,354,12,9,5,338,793,1146,0.0,643,93.50
5K6K:A,APH11581,95.198,354,9,5,342,687,793,1146,0.0,699,97.74
5K6K:A,APH11581,90.960,354,12,9,5,338,793,1146,0.0,644,93.50
5K6K:A,APH11512,95.198,354,9,5,342,687,793,1146,0.0,699,97.74
5K6K:A,APH11512,90.960,354,12,9,5,338,793,1146,0.0,644,93.50
5K6K:A,APH11546,95.198,354,9,5,342,687,793,1146,0.0,699,97.74
5K6K:A,APH11546,90.960,354,12,9,5,338,793,1146,0.0,644,93.50
5K6K:A,APH11557,95.198,354,9,5,342,687,793,1146,0.0,699,97.74
5K6K:A,APH11557,90.960,354,12,9,5,338,793,1146,0.0,644,93.50
5K6K:A,APH11551,95.198,354,9,5,342,687,793,1146,0.0,699,97.74
5K6K:A,APH11551,90.960,354,12,9,5,338,793,1146,0.0,643,93.50
5K6K:A,APH11497,95.198,354,9,5,342,687,793,1146,0.0,699,97.74
5K6K:A,APH11497,90.960,354,12,9,5,338,793,1146,0.0,644,93.50
5K6K:A,APH11548,95.198,354,9,5,342,687,793,1146,0.0,699,97.74
5K6K:A,APH11548,90.960,354,12,9,5,338,793,1146,0.0,644,93.50
5K6K:A,APH11515,95.198,354,9,5,342,687,793,1146,0.0,699,97.74
5K6K:A,APH11515,90.960,354,12,9,5,338,793,1146,0.0,644,93.50
5K6K:A,APH11568,95.198,354,9,5,342,687,793,1146,0.0,699,97.74
5K6K:A,APH11568,90.960,354,12,9,5,338,793,1146,0.0,644,93.50
5K6K:A,APH11555,95.198,354,9,5,342,687,793,1146,0.0,699,97.74
5K6K:A,APH11555,90.960,354,12,9,5,338,793,1146,0.0,644,93.50
5K6K:A,APH11592,95.198,354,9,5,342,687,793,1146,0.0,699,97.74
5K6K:A,APH11592,90.960,354,12,9,5,338,793,1146,0.0,644,93.50
5K6K:A,APH11495,95.198,354,9,5,342,687,793,1146,0.0,699,97.74
5K6K:A,APH11495,90.960,354,12,9,5,338,793,1146,0.0,644,93.50
5K6K:A,APH11583,95.198,354,9,5,342,687,793,1146,0.0,699,97.74
5K6K:A,APH11583,90.960,354,12,9,5,338,793,1146,0.0,644,93.50
5K6K:A,APH11532,95.198,354,9,5,342,687,793,1146,0.0,699,97.74
5K6K:A,APH11532,90.960,354,12,9,5,338,793,1146,0.0,644,93.50
5K6K:A,APH11540,95.198,354,9,5,342,687,793,1146,0.0,699,97.74
5K6K:A,APH11540,90.960,354,12,9,5,338,793,1146,0.0,644,93.50
5K6K:A,APH11570,95.198,354,9,5,342,687,793,1146,0.0,699,97.74
5K6K:A,APH11570,90.960,354,12,9,5,338,793,1146,0.0,644,93.50
5K6K:A,APH11525,95.198,354,9,5,342,687,793,1146,0.0,699,97.74
5K6K:A,APH11525,90.960,354,12,9,5,338,793,1146,0.0,644,93.50
5K6K:A,APH11590,95.198,354,9,5,342,687,793,1146,0.0,699,97.74
5K6K:A,APH11590,90.960,354,12,9,5,338,793,1146,0.0,644,93.50
5K6K:A,APH11549,95.198,354,9,5,342,687,793,1146,0.0,699,97.74
5K6K:A,APH11549,90.960,354,12,9,5,338,793,1146,0.0,644,93.50
5K6K:A,APH11534,95.198,354,9,5,342,687,793,1146,0.0,699,97.74
5K6K:A,APH11534,90.960,354,12,9,5,338,793,1146,0.0,643,93.50
5K6K:A,APH11560,95.198,354,9,5,342,687,793,1146,0.0,699,97.74
5K6K:A,APH11560,90.960,354,12,9,5,338,793,1146,0.0,644,93.50
5K6K:A,APH11498,95.198,354,9,5,342,687,793,1146,0.0,699,97.74
5K6K:A,APH11498,90.960,354,12,9,5,338,793,1146,0.0,644,93.50
5K6K:A,APH11554,95.198,354,9,5,342,687,793,1146,0.0,699,97.74
5K6K:A,APH11554,90.960,354,12,9,5,338,793,1146,0.0,644,93.50
5K6K:A,APH11563,95.198,354,9,5,342,687,793,1146,0.0,699,97.74
5K6K:A,APH11563,90.960,354,12,9,5,338,793,1146,0.0,644,93.50
5K6K:A,APH11503,95.198,354,9,5,342,687,793,1146,0.0,699,97.74
5K6K:A,APH11503,90.960,354,12,9,5,338,793,1146,0.0,644,93.50
5K6K:A,APH11585,95.198,354,9,5,342,687,793,1146,0.0,699,97.74
5K6K:A,APH11585,90.960,354,12,9,5,338,793,1146,0.0,644,93.50
5K6K:A,APH11528,95.198,354,9,5,342,687,793,1146,0.0,699,97.74
5K6K:A,APH11528,90.960,354,12,9,5,338,793,1146,0.0,644,93.50
5K6K:A,APH11573,95.198,354,9,5,342,687,793,1146,0.0,699,97.74
5K6K:A,APH11573,90.960,354,12,9,5,338,793,1146,0.0,644,93.50
5K6K:A,APH11539,95.198,354,9,5,342,687,793,1146,0.0,699,97.74
5K6K:A,APH11539,90.960,354,12,9,5,338,793,1146,0.0,643,93.50
5K6K:A,APH11537,95.198,354,9,5,342,687,793,1146,0.0,699,97.74
5K6K:A,APH11537,90.960,354,12,9,5,338,793,1146,0.0,644,93.50
5K6K:A,APH11561,95.198,354,9,5,342,687,793,1146,0.0,699,97.74
5K6K:A,APH11561,90.960,354,12,9,5,338,793,1146,0.0,644,93.50
5K6K:A,APH11579,95.198,354,9,5,342,687,793,1146,0.0,699,97.74
5K6K:A,APH11579,90.960,354,12,9,5,338,793,1146,0.0,644,93.50
5K6K:A,APH11504,95.198,354,9,5,342,687,793,1146,0.0,699,97.74
5K6K:A,APH11504,90.960,354,12,9,5,338,793,1146,0.0,644,93.50
5K6K:A,APH11517,95.198,354,9,5,342,687,793,1146,0.0,699,97.74
5K6K:A,APH11517,90.960,354,12,9,5,338,793,1146,0.0,644,93.50
5K6K:A,APH11542,95.198,354,9,5,342,687,793,1146,0.0,699,97.74
5K6K:A,APH11542,90.960,354,12,9,5,338,793,1146,0.0,644,93.50
5K6K:A,APH11559,95.198,354,9,5,342,687,793,1146,0.0,699,97.74
5K6K:A,APH11559,90.960,354,12,9,5,338,793,1146,0.0,644,93.50
5K6K:A,APH11578,95.198,354,9,5,342,687,793,1146,0.0,699,97.74
5K6K:A,APH11578,90.960,354,12,9,5,338,793,1146,0.0,644,93.50
5K6K:A,APH11594,95.198,354,9,5,342,687,793,1146,0.0,699,97.74
5K6K:A,APH11594,90.960,354,12,9,5,338,793,1146,0.0,644,93.50
5K6K:A,APH11586,95.198,354,9,5,342,687,793,1146,0.0,699,97.74
5K6K:A,APH11586,90.960,354,12,9,5,338,793,1146,0.0,644,93.50
5K6K:A,APH11523,95.198,354,9,5,342,687,793,1146,0.0,699,97.74
5K6K:A,APH11523,90.960,354,12,9,5,338,793,1146,0.0,644,93.50
5K6K:A,APH11543,95.198,354,9,5,342,687,793,1146,0.0,699,97.74
5K6K:A,APH11543,90.960,354,12,9,5,338,793,1146,0.0,644,93.50
5K6K:A,APH11550,95.198,354,9,5,342,687,793,1146,0.0,699,97.74
5K6K:A,APH11550,90.960,354,12,9,5,338,793,1146,0.0,644,93.50
5K6K:A,APH11556,95.198,354,9,5,342,687,793,1146,0.0,699,97.74
5K6K:A,APH11556,90.960,354,12,9,5,338,793,1146,0.0,644,93.50
5K6K:A,APH11514,95.198,354,9,5,342,687,793,1146,0.0,699,97.74
5K6K:A,APH11514,90.960,354,12,9,5,338,793,1146,0.0,644,93.50
5K6K:A,APH11569,95.198,354,9,5,342,687,793,1146,0.0,699,97.74
5K6K:A,APH11569,90.960,354,12,9,5,338,793,1146,0.0,644,93.50
5K6K:A,APH11505,95.198,354,9,5,342,687,793,1146,0.0,699,97.74
5K6K:A,APH11505,90.960,354,12,9,5,338,793,1146,0.0,644,93.50
5K6K:A,APH11577,95.198,354,9,5,342,687,793,1146,0.0,699,97.74
5K6K:A,APH11577,90.960,354,12,9,5,338,793,1146,0.0,644,93.50
5K6K:A,APH11587,95.198,354,9,5,342,687,793,1146,0.0,699,97.74
5K6K:A,APH11587,90.960,354,12,9,5,338,793,1146,0.0,644,93.50
5K6K:A,APH11593,95.198,354,9,5,342,687,793,1146,0.0,699,97.74
5K6K:A,APH11593,90.960,354,12,9,5,338,793,1146,0.0,644,93.50
5K6K:A,APH11526,95.198,354,9,5,342,687,793,1146,0.0,699,97.74
5K6K:A,APH11526,90.960,354,12,9,5,338,793,1146,0.0,644,93.50
5K6K:A,AOL02459,95.198,354,9,5,342,687,793,1146,0.0,699,97.74
5K6K:A,AOL02459,90.960,354,12,9,5,338,793,1146,0.0,644,93.50
5K6K:A,APH11506,95.198,354,9,5,342,687,793,1146,0.0,699,97.74
5K6K:A,APH11506,90.960,354,12,9,5,338,793,1146,0.0,644,93.50
5K6K:A,APH11499,95.198,354,9,5,342,687,793,1146,0.0,699,97.74
5K6K:A,APH11499,90.960,354,12,9,5,338,793,1146,0.0,644,93.50
5K6K:A,APH11562,95.198,354,9,5,342,687,793,1146,0.0,699,97.74
5K6K:A,APH11562,90.960,354,12,9,5,338,793,1146,0.0,643,93.50
5K6K:A,AWK27349,95.198,354,9,5,342,687,793,1146,0.0,699,97.74
5K6K:A,AWK27349,90.960,354,12,9,5,338,793,1146,0.0,644,93.50
5K6K:A,APH11566,95.198,354,9,5,342,687,793,1146,0.0,699,97.74
5K6K:A,APH11566,90.960,354,12,9,5,338,793,1146,0.0,644,93.50
5K6K:A,APH11553,95.198,354,9,5,342,687,793,1146,0.0,699,97.74
5K6K:A,APH11553,90.960,354,12,9,5,338,793,1146,0.0,644,93.50
5K6K:A,APH11500,95.198,354,9,5,342,687,793,1146,0.0,699,97.74
5K6K:A,APH11500,90.960,354,12,9,5,338,793,1146,0.0,644,93.50
5K6K:A,APH11582,95.198,354,9,5,342,687,793,1146,0.0,699,97.74
5K6K:A,APH11582,90.960,354,12,9,5,338,793,1146,0.0,644,93.50
5K6K:A,APH11576,95.198,354,9,5,342,687,793,1146,0.0,699,97.74
5K6K:A,APH11576,90.960,354,12,9,5,338,793,1146,0.0,644,93.50
5K6K:A,APH11530,95.198,354,9,5,342,687,793,1146,0.0,699,97.74
5K6K:A,APH11530,90.960,354,12,9,5,338,793,1146,0.0,644,93.50
5K6K:A,APH11521,95.198,354,9,5,342,687,793,1146,0.0,699,97.74
5K6K:A,APH11521,90.960,354,12,9,5,338,793,1146,0.0,644,93.50
5K6K:A,APH11511,95.198,354,9,5,342,687,793,1146,0.0,699,97.74
5K6K:A,APH11511,90.960,354,12,9,5,338,793,1146,0.0,644,93.50
5K6K:A,APH11507,95.198,354,9,5,342,687,793,1146,0.0,699,97.74
5K6K:A,APH11507,90.960,354,12,9,5,338,793,1146,0.0,644,93.50
5K6K:A,APH11552,95.198,354,9,5,342,687,793,1146,0.0,699,97.74
5K6K:A,APH11552,90.960,354,12,9,5,338,793,1146,0.0,644,93.50
5K6K:A,APH11516,95.198,354,9,5,342,687,793,1146,0.0,699,97.74
5K6K:A,APH11516,90.960,354,12,9,5,338,793,1146,0.0,644,93.50
5K6K:A,APH11567,95.198,354,9,5,342,687,793,1146,0.0,699,97.74
5K6K:A,APH11567,90.960,354,12,9,5,338,793,1146,0.0,644,93.50
5K6K:A,APH11541,95.198,354,9,5,342,687,793,1146,0.0,699,97.74
5K6K:A,APH11541,90.960,354,12,9,5,338,793,1146,0.0,644,93.50
5K6K:A,APH11558,95.198,354,9,5,342,687,793,1146,0.0,699,97.74
5K6K:A,APH11558,90.960,354,12,9,5,338,793,1146,0.0,644,93.50
5K6K:A,APH11524,95.198,354,9,5,342,687,793,1146,0.0,699,97.74
5K6K:A,APH11524,90.960,354,12,9,5,338,793,1146,0.0,644,93.50
5K6K:A,APH11533,95.198,354,9,5,342,687,793,1146,0.0,699,97.74
5K6K:A,APH11533,90.960,354,12,9,5,338,793,1146,0.0,644,93.50
5K6K:A,APH11544,95.198,354,9,5,342,687,793,1146,0.0,699,97.74
5K6K:A,APH11544,90.960,354,12,9,5,338,793,1146,0.0,644,93.50
5K6K:A,APH11535,95.198,354,9,5,342,687,793,1146,0.0,699,97.74
5K6K:A,APH11535,90.960,354,12,9,5,338,793,1146,0.0,644,93.50
5K6K:A,APH11508,95.198,354,9,5,342,687,793,1146,0.0,699,97.74
5K6K:A,APH11508,90.960,354,12,9,5,338,793,1146,0.0,644,93.50
5K6K:A,APH11513,95.198,354,9,5,342,687,793,1146,0.0,699,97.74
5K6K:A,APH11513,90.960,354,12,9,5,338,793,1146,0.0,643,93.50
5K6K:A,APH11502,95.198,354,9,5,342,687,793,1146,0.0,699,97.74
5K6K:A,APH11502,90.960,354,12,9,5,338,793,1146,0.0,644,93.50
5K6K:A,APH11519,95.198,354,9,5,342,687,793,1146,0.0,699,97.74
5K6K:A,APH11519,90.960,354,12,9,5,338,793,1146,0.0,643,93.50
5K6K:A,APH11564,95.198,354,9,5,342,687,793,1146,0.0,699,97.74
5K6K:A,APH11564,90.960,354,12,9,5,338,793,1146,0.0,644,93.50
5K6K:A,APH11529,95.198,354,9,5,342,687,793,1146,0.0,699,97.74
5K6K:A,APH11529,90.960,354,12,9,5,338,793,1146,0.0,644,93.50
5K6K:A,APH11584,95.198,354,9,5,342,687,793,1146,0.0,699,97.74
5K6K:A,APH11584,90.960,354,12,9,5,338,793,1146,0.0,644,93.50
5K6K:A,APH11536,95.198,354,9,5,342,687,793,1146,0.0,699,97.74
5K6K:A,APH11536,90.960,354,12,9,5,338,793,1146,0.0,644,93.50
5K6K:A,APH11574,95.198,354,9,5,342,687,793,1146,0.0,699,97.74
5K6K:A,APH11574,90.960,354,12,9,5,338,793,1146,0.0,644,93.50
5K6K:A,APH11572,95.198,354,9,5,342,687,793,1146,0.0,699,97.74
5K6K:A,APH11572,90.960,354,12,9,5,338,793,1146,0.0,644,93.50
5K6K:A,APH11547,95.198,354,9,5,342,687,793,1146,0.0,699,97.74
5K6K:A,APH11547,90.960,354,12,9,5,338,793,1146,0.0,644,93.50
5K6K:A,APH11527,95.198,354,9,5,342,687,793,1146,0.0,699,97.74
5K6K:A,APH11527,90.960,354,12,9,5,338,793,1146,0.0,644,93.50
5K6K:A,APH11580,95.198,354,9,5,342,687,793,1146,0.0,699,97.74
5K6K:A,APH11580,90.960,354,12,9,5,338,793,1146,0.0,644,93.50
5K6K:A,APH11545,95.198,354,9,5,342,687,793,1146,0.0,699,97.74
5K6K:A,APH11545,90.960,354,12,9,5,338,793,1146,0.0,644,93.50
5K6K:A,AOO54270,95.198,354,9,5,342,687,793,1146,0.0,698,97.46
5K6K:A,AOO54270,90.960,354,12,9,5,338,793,1146,0.0,643,93.22
5K6K:A,APH11520,95.198,354,9,5,342,687,793,1146,0.0,698,97.74
5K6K:A,APH11520,90.960,354,12,9,5,338,793,1146,0.0,643,93.50
5K6K:A,APH11493,95.198,354,9,5,342,687,793,1146,0.0,698,97.74
5K6K:A,APH11493,90.960,354,12,9,5,338,793,1146,0.0,643,93.50
5K6K:A,AVG19275,95.198,354,9,5,342,687,793,1146,0.0,698,97.46
5K6K:A,AVG19275,90.960,354,12,9,5,338,793,1146,0.0,643,93.22
5K6K:A,AND01116,95.198,354,9,5,342,687,793,1146,0.0,698,97.46
5K6K:A,AND01116,90.960,354,12,9,5,338,793,1146,0.0,643,93.22
5K6K:A,APH11588,95.198,354,9,5,342,687,793,1146,0.0,698,97.74
5K6K:A,APH11588,90.960,354,12,9,5,338,793,1146,0.0,643,93.50
5K6K:A,APH11522,95.198,354,9,5,342,687,793,1146,0.0,698,97.74
5K6K:A,APH11522,90.960,354,12,9,5,338,793,1146,0.0,643,93.50
5K6K:A,APH11510,95.198,354,9,5,342,687,793,1146,0.0,698,97.74
5K6K:A,APH11510,90.960,354,12,9,5,338,793,1146,0.0,643,93.50
5K6K:A,ANN44857,95.198,354,9,5,342,687,793,1146,0.0,698,97.46
5K6K:A,ANN44857,90.960,354,12,9,5,338,793,1146,0.0,643,93.22
5K6K:A,AOI20067,94.915,354,10,5,342,687,793,1146,0.0,697,97.46
5K6K:A,AOI20067,90.678,354,13,9,5,338,793,1146,0.0,642,93.22
5K6K:A,AQS26828,94.915,354,10,5,342,687,793,1146,0.0,697,97.46
5K6K:A,AQS26828,90.678,354,13,9,5,338,793,1146,0.0,642,93.22
5K6K:A,AMR39831,94.915,354,10,5,342,687,793,1146,0.0,697,97.46
5K6K:A,AMR39831,90.678,354,13,9,5,338,793,1146,0.0,642,93.22
5K6K:A,ARU07074,94.915,354,10,5,342,687,793,1146,0.0,697,97.46
5K6K:A,ARU07074,90.678,354,13,9,5,338,793,1146,0.0,642,93.22
5K6K:A,APR74597,94.915,354,10,5,342,687,793,1146,0.0,697,97.46
5K6K:A,APR74597,90.678,354,13,9,5,338,793,1146,0.0,642,93.22
5K6K:A,AOG18295,94.915,354,10,5,342,687,793,1146,0.0,697,97.46
5K6K:A,AOG18295,90.678,354,13,9,5,338,793,1146,0.0,642,93.22
5K6K:A,AMZ03556,94.915,354,10,5,342,687,793,1146,0.0,697,97.46
5K6K:A,AMZ03556,90.678,354,13,9,5,338,793,1146,0.0,642,93.22
5K6K:A,ANW07476,94.915,354,10,5,342,687,793,1146,0.0,697,97.46
5K6K:A,ANW07476,90.678,354,13,9,5,338,793,1146,0.0,642,93.22
5K6K:A,APB03019,94.915,354,10,5,342,687,793,1146,0.0,697,97.46
5K6K:A,APB03019,90.678,354,13,9,5,338,793,1146,0.0,642,93.22
5K6K:A,ARX97119,94.915,354,10,5,342,687,793,1146,0.0,697,97.46
5K6K:A,ARX97119,90.678,354,13,9,5,338,793,1146,0.0,642,93.22
5K6K:A,ASU55416,94.915,354,10,5,342,687,793,1146,0.0,697,97.46
5K6K:A,ASU55416,90.678,354,13,9,5,338,793,1146,0.0,642,93.22
5K6K:A,ARB07976,94.915,354,10,5,342,687,793,1146,0.0,697,97.46
5K6K:A,ARB07976,90.678,354,13,9,5,338,793,1146,0.0,642,93.22
5K6K:A,AOY08517,94.915,354,10,5,342,687,793,1146,0.0,697,97.46
5K6K:A,AOY08517,90.678,354,13,9,5,338,793,1146,0.0,642,93.22
5K6K:A,APB03018,94.915,354,10,5,342,687,793,1146,0.0,697,97.46
5K6K:A,APB03018,90.678,354,13,9,5,338,793,1146,0.0,642,93.22
5K6K:A,AMX81918,94.915,354,10,5,342,687,793,1146,0.0,697,97.46
5K6K:A,AMX81918,90.678,354,13,9,5,338,793,1146,0.0,642,93.22
5K6K:A,AMX81915,94.915,354,10,5,342,687,793,1146,0.0,697,97.46
5K6K:A,AMX81915,90.678,354,13,9,5,338,793,1146,0.0,642,93.22
5K6K:A,AOY08541,94.915,354,10,5,342,687,793,1146,0.0,697,97.46
5K6K:A,AOY08541,90.678,354,13,9,5,338,793,1146,0.0,642,93.22
5K6K:A,AVV62004,94.915,354,10,5,342,687,793,1146,0.0,697,97.46
5K6K:A,AVV62004,90.678,354,13,9,5,338,793,1146,0.0,642,93.22
5K6K:A,ANO46309,94.915,354,10,5,342,687,793,1146,0.0,697,97.46
5K6K:A,ANO46309,90.678,354,13,9,5,338,793,1146,0.0,642,93.22
5K6K:A,BBC70847,94.915,354,10,5,342,687,793,1146,0.0,697,97.46
5K6K:A,BBC70847,90.678,354,13,9,5,338,793,1146,0.0,642,93.22
5K6K:A,ASU55417,94.915,354,10,5,342,687,793,1146,0.0,697,97.46
5K6K:A,ASU55417,90.678,354,13,9,5,338,793,1146,0.0,642,93.22
5K6K:A,AMC13911,94.915,354,10,5,342,687,793,1146,0.0,697,97.46
5K6K:A,AMC13911,90.678,354,13,9,5,338,793,1146,0.0,642,93.22
5K6K:A,AOY08522,94.915,354,10,5,342,687,793,1146,0.0,697,97.46
5K6K:A,AOY08522,90.678,354,13,9,5,338,793,1146,0.0,642,93.22
5K6K:A,AQX32988,94.915,354,10,5,342,687,793,1146,0.0,697,97.46
5K6K:A,AQX32988,90.678,354,13,9,5,338,793,1146,0.0,642,93.22
5K6K:A,AMK49165,94.915,354,10,5,342,687,793,1146,0.0,697,97.46
5K6K:A,AMK49165,90.678,354,13,9,5,338,793,1146,0.0,642,93.22
5K6K:A,APY24200,94.915,354,10,5,342,687,793,1146,0.0,697,97.46
5K6K:A,APY24200,90.678,354,13,9,5,338,793,1146,0.0,642,93.22
5K6K:A,AOC50652,94.915,354,10,5,342,687,793,1146,0.0,697,97.46
5K6K:A,AOC50652,90.678,354,13,9,5,338,793,1146,0.0,642,93.22
5K6K:A,AMX81917,94.915,354,10,5,342,687,793,1146,0.0,697,97.46
5K6K:A,AMX81917,90.678,354,13,9,5,338,793,1146,0.0,642,93.22
5K6K:A,AQU12485,94.915,354,10,5,342,687,793,1146,0.0,697,97.46
5K6K:A,AQU12485,90.678,354,13,9,5,338,793,1146,0.0,642,93.22
5K6K:A,AOY08538,94.915,354,10,5,342,687,793,1146,0.0,697,97.46
5K6K:A,AOY08538,90.678,354,13,9,5,338,793,1146,0.0,642,93.22
5K6K:A,ANO46306,94.915,354,10,5,342,687,793,1146,0.0,697,97.46
5K6K:A,ANO46306,90.678,354,13,9,5,338,793,1146,0.0,642,93.22
5K6K:A,APH11610,94.915,354,10,5,342,687,793,1146,0.0,697,97.46
5K6K:A,APH11610,90.678,354,13,9,5,338,793,1146,0.0,642,93.22
5K6K:A,AOX49264,94.915,354,10,5,342,687,793,1146,0.0,697,97.46
5K6K:A,AOX49264,90.678,354,13,9,5,338,793,1146,0.0,642,93.22
5K6K:A,AML81028,94.915,354,10,5,342,687,793,1146,0.0,697,97.46
5K6K:A,AML81028,90.678,354,13,9,5,338,793,1146,0.0,642,93.22
5K6K:A,ANQ92019,94.915,354,10,5,342,687,793,1146,0.0,697,97.46
5K6K:A,ANQ92019,90.678,354,13,9,5,338,793,1146,0.0,642,93.22
5K6K:A,APG56458,94.633,354,11,5,342,687,793,1146,0.0,697,97.46
5K6K:A,APG56458,90.395,354,14,9,5,338,793,1146,0.0,642,93.22
5K6K:A,AQS26808,94.915,354,10,5,342,687,793,1146,0.0,697,97.46
5K6K:A,AQS26808,90.678,354,13,9,5,338,793,1146,0.0,642,93.22
5K6K:A,ANO46308,94.915,354,10,5,342,687,793,1146,0.0,697,97.46
5K6K:A,ANO46308,90.678,354,13,9,5,338,793,1146,0.0,642,93.22
5K6K:A,AMM43326,94.915,354,10,5,342,687,793,1146,0.0,697,97.46
5K6K:A,AMM43326,90.678,354,13,9,5,338,793,1146,0.0,642,93.22
5K6K:A,AMA12085,94.915,354,10,5,342,687,793,1146,0.0,697,97.46
5K6K:A,AMA12085,90.678,354,13,9,5,338,793,1146,0.0,642,93.22
5K6K:A,AQS26814,94.915,354,10,5,342,687,793,1146,0.0,697,97.46
5K6K:A,AQS26814,90.678,354,13,9,5,338,793,1146,0.0,642,93.22
5K6K:A,ARB07941,94.915,354,10,5,342,687,793,1146,0.0,697,97.46
5K6K:A,ARB07941,90.678,354,13,9,5,338,793,1146,0.0,642,93.22
5K6K:A,ALX35659,94.915,354,10,5,342,687,793,1146,0.0,697,97.46
5K6K:A,ALX35659,90.678,354,13,9,5,338,793,1146,0.0,642,93.22
5K6K:A,ARB07967,94.915,354,10,5,342,687,793,1146,0.0,697,97.46
5K6K:A,ARB07967,90.678,354,13,9,5,338,793,1146,0.0,642,93.22
5K6K:A,AMH87239,94.915,354,10,5,342,687,793,1146,0.0,697,97.46
5K6K:A,AMH87239,90.678,354,13,9,5,338,793,1146,0.0,642,93.22
5K6K:A,ANO46305,94.915,354,10,5,342,687,793,1146,0.0,697,97.46
5K6K:A,ANO46305,90.678,354,13,9,5,338,793,1146,0.0,642,93.22
5K6K:A,AMA12084,94.915,354,10,5,342,687,793,1146,0.0,697,97.46
5K6K:A,AMA12084,90.678,354,13,9,5,338,793,1146,0.0,642,93.22
5K6K:A,AMM39805,94.915,354,10,5,342,687,793,1146,0.0,697,97.46
5K6K:A,AMM39805,90.678,354,13,9,5,338,793,1146,0.0,642,93.22
5K6K:A,AQS26806,94.915,354,10,5,342,687,793,1146,0.0,697,97.46
5K6K:A,AQS26806,90.678,354,13,9,5,338,793,1146,0.0,642,93.22
5K6K:A,AMK79468,94.915,354,10,5,342,687,793,1146,0.0,697,97.46
5K6K:A,AMK79468,90.678,354,13,9,5,338,793,1146,0.0,642,93.22
5K6K:A,AMX81916,94.915,354,10,5,342,687,793,1146,0.0,697,97.46
5K6K:A,AMX81916,90.395,354,14,9,5,338,793,1146,0.0,641,93.22
5K6K:A,ARB07991,94.915,354,10,5,342,687,793,1146,0.0,697,97.46
5K6K:A,ARB07991,90.678,354,13,9,5,338,793,1146,0.0,641,93.22
5K6K:A,ANO46307,94.915,354,10,5,342,687,793,1146,0.0,697,97.46
5K6K:A,ANO46307,90.678,354,13,9,5,338,793,1146,0.0,642,93.22
5K6K:A,AMQ48981,94.915,354,10,5,342,687,793,1146,0.0,697,97.46
5K6K:A,AMQ48981,90.678,354,13,9,5,338,793,1146,0.0,642,93.22
5K6K:A,ANO46302,94.915,354,10,5,342,687,793,1146,0.0,697,97.46
5K6K:A,ANO46302,90.678,354,13,9,5,338,793,1146,0.0,642,93.22
5K6K:A,AXF50016,94.915,354,10,5,342,687,793,1146,0.0,697,97.46
5K6K:A,AXF50016,90.678,354,13,9,5,338,793,1146,0.0,642,93.22
5K6K:A,ANO46304,94.915,354,10,5,342,687,793,1146,0.0,697,97.46
5K6K:A,ANO46304,90.678,354,13,9,5,338,793,1146,0.0,642,93.22
5K6K:A,AHZ13508,94.915,354,10,5,342,687,793,1146,0.0,697,97.46
5K6K:A,AHZ13508,90.678,354,13,9,5,338,793,1146,0.0,642,93.22
5K6K:A,AML82110,94.915,354,10,5,342,687,793,1146,0.0,697,97.46
5K6K:A,AML82110,90.678,354,13,9,5,338,793,1146,0.0,642,93.22
5K6K:A,AMA12087,94.915,354,10,5,342,687,793,1146,0.0,697,97.46
5K6K:A,AMA12087,90.678,354,13,9,5,338,793,1146,0.0,642,93.22
5K6K:A,ARB08102,94.915,354,10,5,342,687,793,1146,0.0,697,97.46
5K6K:A,ARB08102,90.678,354,13,9,5,338,793,1146,0.0,642,93.22
5K6K:A,AMQ76465,94.915,354,10,5,342,687,793,1146,0.0,697,97.46
5K6K:A,AMQ76465,90.678,354,13,9,5,338,793,1146,0.0,642,93.22
5K6K:A,AOY08528,94.915,354,10,5,342,687,793,1146,0.0,697,97.46
5K6K:A,AOY08528,90.678,354,13,9,5,338,793,1146,0.0,641,93.22
5K6K:A,AQS26698,94.633,354,11,5,342,687,789,1142,0.0,697,97.46
5K6K:A,AQS26698,90.395,354,14,9,5,338,789,1142,0.0,641,93.22
5K6K:A,ANO46301,94.915,354,10,5,342,687,793,1146,0.0,697,97.46
5K6K:A,ANO46301,90.678,354,13,9,5,338,793,1146,0.0,642,93.22
5K6K:A,APY24199,94.915,354,10,5,342,687,793,1146,0.0,697,97.46
5K6K:A,APY24199,90.678,354,13,9,5,338,793,1146,0.0,642,93.22
5K6K:A,AMD16557,94.915,354,10,5,342,687,793,1146,0.0,697,97.46
5K6K:A,AMD16557,90.678,354,13,9,5,338,793,1146,0.0,642,93.22
5K6K:A,AMA12086,94.915,354,10,5,342,687,793,1146,0.0,697,97.46
5K6K:A,AMA12086,90.678,354,13,9,5,338,793,1146,0.0,642,93.22
5K6K:A,AXY03803,94.915,354,10,5,342,687,793,1146,0.0,697,97.46
5K6K:A,AXY03803,90.678,354,13,9,5,338,793,1146,0.0,642,93.22
5K6K:A,APO08504,94.915,354,10,5,342,687,793,1146,0.0,697,97.46
5K6K:A,APO08504,90.678,354,13,9,5,338,793,1146,0.0,642,93.22
5K6K:A,APH11571,94.915,354,10,5,342,687,793,1146,0.0,696,97.46
5K6K:A,APH11571,90.678,354,13,9,5,338,793,1146,0.0,641,93.22
5K6K:A,AVZ47169,94.915,354,10,5,342,687,793,1146,0.0,696,97.46
5K6K:A,AVZ47169,90.395,354,14,9,5,338,793,1146,0.0,641,93.22
5K6K:A,AMK49492,94.633,354,11,5,342,687,793,1146,0.0,696,97.46
5K6K:A,AMK49492,90.395,354,14,9,5,338,793,1146,0.0,641,93.22
5K6K:A,AOY08536,94.915,354,10,5,342,687,793,1146,0.0,696,97.46
5K6K:A,AOY08536,90.678,354,13,9,5,338,793,1146,0.0,641,93.22
5K6K:A,ARB07945,94.915,354,10,5,342,687,793,1146,0.0,696,97.46
5K6K:A,ARB07945,90.678,354,13,9,5,338,793,1146,0.0,641,93.22
5K6K:A,AQS26822,94.633,354,11,5,342,687,793,1146,0.0,696,97.18
5K6K:A,AQS26822,90.395,354,14,9,5,338,793,1146,0.0,640,92.94
5K6K:A,AMD61711,94.915,354,10,5,342,687,793,1146,0.0,696,97.18
5K6K:A,AMD61711,90.678,354,13,9,5,338,793,1146,0.0,641,92.94
5K6K:A,APH11611,94.633,354,11,5,342,687,793,1146,0.0,696,97.46
5K6K:A,APH11611,90.395,354,14,9,5,338,793,1146,0.0,640,93.22
5K6K:A,APG56499,94.633,354,11,5,342,687,793,1146,0.0,696,97.46
5K6K:A,APG56499,90.395,354,14,9,5,338,793,1146,0.0,641,93.22
5K6K:A,AMU04506,94.915,354,10,5,342,687,793,1146,0.0,696,97.18
5K6K:A,AMU04506,90.678,354,13,9,5,338,793,1146,0.0,641,92.94
5K6K:A,ASW34302,94.633,354,11,5,342,687,793,1146,0.0,696,97.46
5K6K:A,ASW34302,90.395,354,14,9,5,338,793,1146,0.0,641,93.22
5K6K:A,AQS26816,94.633,354,11,5,342,687,793,1146,0.0,696,97.18
5K6K:A,AQS26816,90.395,354,14,9,5,338,793,1146,0.0,640,92.94
5K6K:A,ANC90425,94.633,354,11,5,342,687,793,1146,0.0,695,97.46
5K6K:A,ANC90425,90.395,354,14,9,5,338,793,1146,0.0,640,93.22
5K6K:A,AOY08542,94.633,354,11,5,342,687,793,1146,0.0,695,97.46
5K6K:A,AOY08542,90.395,354,14,9,5,338,793,1146,0.0,640,93.22
5K6K:A,AFD30972,94.633,354,11,5,342,687,793,1146,0.0,695,97.18
5K6K:A,AFD30972,90.395,354,14,9,5,338,793,1146,0.0,640,92.94
5K6K:A,AVZ25032,94.633,354,11,5,342,687,793,1146,0.0,695,97.46
5K6K:A,AVZ25032,90.395,354,14,9,5,338,793,1146,0.0,640,93.22
5K6K:A,BBA85762,94.633,354,11,5,342,687,793,1146,0.0,695,97.46
5K6K:A,BBA85762,90.395,354,14,9,5,338,793,1146,0.0,640,93.22
5K6K:A,AMO03410,94.633,354,11,5,342,687,793,1146,0.0,695,97.46
5K6K:A,AMO03410,90.395,354,14,9,5,338,793,1146,0.0,640,93.22
5K6K:A,AMN14619,94.633,354,11,5,342,687,793,1146,0.0,695,97.46
5K6K:A,AMN14619,90.395,354,14,9,5,338,793,1146,0.0,640,93.22
5K6K:A,AVG19203,94.633,354,11,5,342,687,793,1146,0.0,695,97.18
5K6K:A,AVG19203,90.395,354,14,9,5,338,793,1146,0.0,640,92.94
5K6K:A,AMM39806,94.633,354,11,5,342,687,793,1146,0.0,695,97.46
5K6K:A,AMM39806,90.395,354,14,9,5,338,793,1146,0.0,640,93.22
5K6K:A,AOY08526,94.633,354,11,5,342,687,793,1146,0.0,695,97.46
5K6K:A,AOY08526,90.395,354,14,9,5,338,793,1146,0.0,640,93.22
5K6K:A,ART29823,94.633,354,11,5,342,687,793,1146,0.0,695,97.46
5K6K:A,ART29823,90.395,354,14,9,5,338,793,1146,0.0,640,93.22
5K6K:A,AOY08535,94.633,354,11,5,342,687,793,1146,0.0,695,97.46
5K6K:A,AOY08535,90.395,354,14,9,5,338,793,1146,0.0,640,93.22
5K6K:A,APO36913,94.633,354,11,5,342,687,793,1146,0.0,695,97.18
5K6K:A,APO36913,90.395,354,14,9,5,338,793,1146,0.0,640,92.94
5K6K:A,AMT75536,94.633,354,11,5,342,687,793,1146,0.0,695,97.46
5K6K:A,AMT75536,90.395,354,14,9,5,338,793,1146,0.0,640,93.22
5K6K:A,AYI50273,94.633,354,11,5,342,687,793,1146,0.0,695,97.46
5K6K:A,AYI50273,90.395,354,14,9,5,338,793,1146,0.0,640,93.22
5K6K:A,AMR39834,94.633,354,11,5,342,687,793,1146,0.0,695,97.18
5K6K:A,AMR39834,90.395,354,14,9,5,338,793,1146,0.0,640,92.94
5K6K:A,AMV49165,94.633,354,11,5,342,687,793,1146,0.0,695,97.46
5K6K:A,AMV49165,90.395,354,14,9,5,338,793,1146,0.0,640,93.22
5K6K:A,APY24198,94.633,354,11,5,342,687,793,1146,0.0,695,97.18
5K6K:A,APY24198,90.395,354,14,9,5,338,793,1146,0.0,640,92.94
5K6K:A,APO39240,94.633,354,11,5,342,687,793,1146,0.0,695,97.46
5K6K:A,APO39240,90.395,354,14,9,5,338,793,1146,0.0,640,93.22
5K6K:A,AOY08539,94.633,354,11,5,342,687,793,1146,0.0,695,97.46
5K6K:A,AOY08539,90.395,354,14,9,5,338,793,1146,0.0,640,93.22
5K6K:A,ARB07947,94.633,354,11,5,342,687,793,1146,0.0,695,97.46
5K6K:A,ARB07947,90.395,354,14,9,5,338,793,1146,0.0,640,93.22
5K6K:A,AOX49265,94.633,354,11,5,342,687,793,1146,0.0,695,97.46
5K6K:A,AOX49265,90.395,354,14,9,5,338,793,1146,0.0,640,93.22
5K6K:A,AUI42329,94.633,354,11,5,342,687,793,1146,0.0,695,97.46
5K6K:A,AUI42329,90.395,354,14,9,5,338,793,1146,0.0,640,93.22
5K6K:A,AMR39830,94.633,354,11,5,342,687,793,1146,0.0,695,97.46
5K6K:A,AMR39830,90.395,354,14,9,5,338,793,1146,0.0,640,93.22
5K6K:A,APG56457,94.633,354,11,5,342,687,793,1146,0.0,695,97.46
5K6K:A,APG56457,90.395,354,14,9,5,338,793,1146,0.0,640,93.22
5K6K:A,BAX00477,94.633,354,11,5,342,687,793,1146,0.0,695,97.18
5K6K:A,BAX00477,90.395,354,14,9,5,338,793,1146,0.0,640,92.94
5K6K:A,AUI42330,94.633,354,11,5,342,687,786,1139,0.0,695,97.46
5K6K:A,AUI42330,90.395,354,14,9,5,338,786,1139,0.0,640,93.22
5K6K:A,ANH21697,94.633,354,11,5,342,687,793,1146,0.0,695,97.46
5K6K:A,ANH21697,90.395,354,14,9,5,338,793,1146,0.0,640,93.22
5K6K:A,AMR68932,94.633,354,11,5,342,687,793,1146,0.0,695,97.46
5K6K:A,AMR68932,90.395,354,14,9,5,338,793,1146,0.0,640,93.22
5K6K:A,AWH65848,94.633,354,11,5,342,687,793,1146,0.0,695,97.18
5K6K:A,AWH65848,90.395,354,14,9,5,338,793,1146,0.0,640,92.94
5K6K:A,ANA12599,94.633,354,11,5,342,687,793,1146,0.0,695,97.46
5K6K:A,ANA12599,90.395,354,14,9,5,338,793,1146,0.0,640,93.22
5K6K:A,AYI50388,94.633,354,11,5,342,687,793,1146,0.0,695,97.46
5K6K:A,AYI50388,90.395,354,14,9,5,338,793,1146,0.0,640,93.22
5K6K:A,ANF16414,94.633,354,11,5,342,687,793,1146,0.0,695,97.46
5K6K:A,ANF16414,90.395,354,14,9,5,338,793,1146,0.0,640,93.22
5K6K:A,APO39241,94.633,354,11,5,342,687,793,1146,0.0,695,97.46
5K6K:A,APO39241,90.395,354,14,9,5,338,793,1146,0.0,640,93.22
5K6K:A,AMM43325,94.633,354,11,5,342,687,793,1146,0.0,695,97.18
5K6K:A,AMM43325,90.395,354,14,9,5,338,793,1146,0.0,640,92.94
5K6K:A,AMS00611,94.633,354,11,5,342,687,793,1146,0.0,695,97.46
5K6K:A,AMS00611,90.395,354,14,9,5,338,793,1146,0.0,640,93.22
5K6K:A,APW84877,94.633,354,11,5,342,687,793,1146,0.0,695,97.46
5K6K:A,APW84877,90.395,354,14,9,5,338,793,1146,0.0,640,93.22
5K6K:A,APH11492,94.633,354,11,5,342,687,793,1146,0.0,695,97.46
5K6K:A,APH11492,90.395,354,14,9,5,338,793,1146,0.0,640,93.22
5K6K:A,APO39232,94.633,354,11,5,342,687,793,1146,0.0,695,97.46
5K6K:A,APO39232,90.395,354,14,9,5,338,793,1146,0.0,640,93.22
5K6K:A,AOY08546,94.633,354,11,5,342,687,793,1146,0.0,695,97.46
5K6K:A,AOY08546,90.395,354,14,9,5,338,793,1146,0.0,640,93.22
5K6K:A,AOO85388,94.633,354,11,5,342,687,793,1146,0.0,695,97.46
5K6K:A,AOO85388,90.395,354,14,9,5,338,793,1146,0.0,640,93.22
5K6K:A,ART29826,94.633,354,11,5,342,687,793,1146,0.0,695,97.46
5K6K:A,ART29826,90.395,354,14,9,5,338,793,1146,0.0,640,93.22
5K6K:A,ATG29295,94.633,354,11,5,342,687,793,1146,0.0,695,97.18
5K6K:A,ATG29295,90.395,354,14,9,5,338,793,1146,0.0,639,92.94
5K6K:A,ALL27019,94.633,354,11,5,342,687,795,1148,0.0,695,97.46
5K6K:A,ALL27019,90.678,354,13,9,5,338,795,1148,0.0,642,93.22
5K6K:A,ARB07987,94.633,354,11,5,342,687,793,1146,0.0,695,97.46
5K6K:A,ARB07987,90.395,354,14,9,5,338,793,1146,0.0,640,93.22
5K6K:A,ARU07183,94.633,354,11,5,342,687,793,1146,0.0,695,97.18
5K6K:A,ARU07183,90.395,354,14,9,5,338,793,1146,0.0,639,92.94
5K6K:A,ANH22038,94.633,354,11,5,342,687,793,1146,0.0,695,97.46
5K6K:A,ANH22038,90.395,354,14,9,5,338,793,1146,0.0,640,93.22
5K6K:A,AMQ48982,94.633,354,11,5,342,687,793,1146,0.0,695,97.46
5K6K:A,AMQ48982,90.395,354,14,9,5,338,793,1146,0.0,640,93.22
5K6K:A,APC60216,94.633,354,11,5,342,687,793,1146,0.0,695,97.18
5K6K:A,APC60216,90.395,354,14,9,5,338,793,1146,0.0,639,92.94
5K6K:A,AQZ41950,94.633,354,11,5,342,687,793,1146,0.0,695,97.18
5K6K:A,AQZ41950,90.395,354,14,9,5,338,793,1146,0.0,639,92.94
5K6K:A,ATG29270,94.633,354,11,5,342,687,793,1146,0.0,695,97.18
5K6K:A,ATG29270,90.395,354,14,9,5,338,793,1146,0.0,639,92.94
5K6K:A,APO08503,94.633,354,11,5,342,687,793,1146,0.0,695,97.18
5K6K:A,APO08503,90.395,354,14,9,5,338,793,1146,0.0,639,92.94
5K6K:A,APO39243,94.633,354,11,5,342,687,793,1146,0.0,695,97.18
5K6K:A,APO39243,90.395,354,14,9,5,338,793,1146,0.0,639,92.94
5K6K:A,ARB07930,94.633,354,11,5,342,687,793,1146,0.0,695,97.18
5K6K:A,ARB07930,90.395,354,14,9,5,338,793,1146,0.0,639,92.94
5K6K:A,AMC13912,94.633,354,11,5,342,687,793,1146,0.0,695,97.18
5K6K:A,AMC13912,90.395,354,14,9,5,338,793,1146,0.0,639,92.94
5K6K:A,APW84876,94.633,354,11,5,342,687,793,1146,0.0,695,97.46
5K6K:A,APW84876,90.395,354,14,9,5,338,793,1146,0.0,640,93.22
5K6K:A,ARB07965,94.633,354,11,5,342,687,793,1146,0.0,695,97.46
5K6K:A,ARB07965,90.395,354,14,9,5,338,793,1146,0.0,640,93.22
5K6K:A,AOY08533,94.633,354,11,5,342,687,793,1146,0.0,695,97.18
5K6K:A,AOY08533,90.395,354,14,9,5,338,793,1146,0.0,639,92.94
5K6K:A,AOY08521,94.633,354,11,5,342,687,793,1146,0.0,695,97.46
5K6K:A,AOY08521,90.395,354,14,9,5,338,793,1146,0.0,640,93.22
5K6K:A,AQM74761,94.633,354,11,5,342,687,793,1146,0.0,695,97.18
5K6K:A,AQM74761,90.395,354,14,9,5,338,793,1146,0.0,639,92.94
5K6K:A,AVZ25035,94.633,354,11,5,342,687,793,1146,0.0,695,97.46
5K6K:A,AVZ25035,90.395,354,14,9,5,338,793,1146,0.0,640,93.22
5K6K:A,AOS90220,94.633,354,11,5,342,687,793,1146,0.0,695,97.46
5K6K:A,AOS90220,90.395,354,14,9,5,338,793,1146,0.0,640,93.22
5K6K:A,ATG29315,94.633,354,11,5,342,687,793,1146,0.0,695,97.18
5K6K:A,ATG29315,90.395,354,14,9,5,338,793,1146,0.0,639,92.94
5K6K:A,ARB07960,94.633,354,11,5,342,687,793,1146,0.0,695,97.18
5K6K:A,ARB07960,90.395,354,14,9,5,338,793,1146,0.0,639,92.94
5K6K:A,AOY08537,94.633,354,11,5,342,687,793,1146,0.0,695,97.46
5K6K:A,AOY08537,90.395,354,14,9,5,338,793,1146,0.0,640,93.22
5K6K:A,AOS90222,94.633,354,11,5,342,687,793,1146,0.0,695,97.46
5K6K:A,AOS90222,90.395,354,14,9,5,338,793,1146,0.0,640,93.22
5K6K:A,AOR82893,94.633,354,11,5,342,687,793,1146,0.0,695,97.46
5K6K:A,AOR82893,90.395,354,14,9,5,338,793,1146,0.0,640,93.22
5K6K:A,AWF93617,94.633,354,11,5,342,687,793,1146,0.0,695,97.18
5K6K:A,AWF93617,90.395,354,14,9,5,338,793,1146,0.0,639,92.94
5K6K:A,ATG29303,94.633,354,11,5,342,687,793,1146,0.0,695,97.18
5K6K:A,ATG29303,90.395,354,14,9,5,338,793,1146,0.0,639,92.94
5K6K:A,ARB07962,94.633,354,11,5,342,687,793,1146,0.0,695,97.18
5K6K:A,ARB07962,90.395,354,14,9,5,338,793,1146,0.0,639,92.94
5K6K:A,AOS90221,94.633,354,11,5,342,687,793,1146,0.0,695,97.46
5K6K:A,AOS90221,90.395,354,14,9,5,338,793,1146,0.0,640,93.22
5K6K:A,APW84875,94.633,354,11,5,342,687,793,1146,0.0,695,97.46
5K6K:A,APW84875,90.395,354,14,9,5,338,793,1146,0.0,640,93.22
5K6K:A,AXF50014,94.633,354,11,5,342,687,793,1146,0.0,695,97.46
5K6K:A,AXF50014,90.395,354,14,9,5,338,793,1146,0.0,640,93.22
5K6K:A,APB03021,94.633,354,11,5,342,687,793,1146,0.0,695,97.46
5K6K:A,APB03021,90.395,354,14,9,5,338,793,1146,0.0,640,93.22
5K6K:A,ATG29291,94.633,354,11,5,342,687,793,1146,0.0,695,97.18
5K6K:A,ATG29291,90.395,354,14,9,5,338,793,1146,0.0,639,92.94
5K6K:A,ANG09399,94.633,354,11,5,342,687,793,1146,0.0,695,97.18
5K6K:A,ANG09399,90.395,354,14,9,5,338,793,1146,0.0,639,92.94
5K6K:A,AQZ41948,94.633,354,11,5,342,687,793,1146,0.0,695,97.18
5K6K:A,AQZ41948,90.395,354,14,9,5,338,793,1146,0.0,639,92.94
5K6K:A,AQM74762,94.633,354,11,5,342,687,793,1146,0.0,695,97.18
5K6K:A,AQM74762,90.395,354,14,9,5,338,793,1146,0.0,639,92.94
5K6K:A,AMB37295,94.633,354,11,5,342,687,793,1146,0.0,695,97.46
5K6K:A,AMB37295,90.678,354,13,9,5,338,793,1146,0.0,642,93.22
5K6K:A,APO39228,94.633,354,11,5,342,687,793,1146,0.0,695,97.46
5K6K:A,APO39228,90.395,354,14,9,5,338,793,1146,0.0,640,93.22
5K6K:A,ARU07076,94.633,354,11,5,342,687,793,1146,0.0,695,97.46
5K6K:A,ARU07076,90.395,354,14,9,5,338,793,1146,0.0,640,93.22
5K6K:A,AWF93619,94.633,354,11,5,342,687,793,1146,0.0,695,97.18
5K6K:A,AWF93619,90.395,354,14,9,5,338,793,1146,0.0,639,92.94
5K6K:A,ARB07953,94.633,354,11,5,342,687,793,1146,0.0,695,97.46
5K6K:A,ARB07953,90.395,354,14,9,5,338,793,1146,0.0,640,93.22
5K6K:A,AOS90223,94.633,354,11,5,342,687,793,1146,0.0,695,97.46
5K6K:A,AOS90223,90.395,354,14,9,5,338,793,1146,0.0,640,93.22
5K6K:A,ATI21641,94.633,354,11,5,342,687,793,1146,0.0,695,97.18
5K6K:A,ATI21641,90.395,354,14,9,5,338,793,1146,0.0,639,92.94
5K6K:A,APO39231,94.633,354,11,5,342,687,793,1146,0.0,695,97.46
5K6K:A,APO39231,90.395,354,14,9,5,338,793,1146,0.0,640,93.22
5K6K:A,AQZ41947,94.633,354,11,5,342,687,793,1146,0.0,695,97.18
5K6K:A,AQZ41947,90.395,354,14,9,5,338,793,1146,0.0,639,92.94
5K6K:A,APW84874,94.633,354,11,5,342,687,793,1146,0.0,695,97.46
5K6K:A,APW84874,90.395,354,14,9,5,338,793,1146,0.0,640,93.22
5K6K:A,AQZ41955,94.633,354,11,5,342,687,793,1146,0.0,695,97.18
5K6K:A,AQZ41955,90.395,354,14,9,5,338,793,1146,0.0,639,92.94
5K6K:A,AQZ41952,94.633,354,11,5,342,687,793,1146,0.0,695,97.18
5K6K:A,AQZ41952,90.395,354,14,9,5,338,793,1146,0.0,639,92.94
5K6K:A,APC60215,94.633,354,11,5,342,687,793,1146,0.0,695,97.18
5K6K:A,APC60215,90.395,354,14,9,5,338,793,1146,0.0,639,92.94
5K6K:A,ASL68978,94.633,354,11,5,342,687,793,1146,0.0,695,97.18
5K6K:A,ASL68978,90.395,354,14,9,5,338,793,1146,0.0,639,92.94
5K6K:A,AOY08527,94.633,354,11,5,342,687,793,1146,0.0,695,97.18
5K6K:A,AOY08527,90.395,354,14,9,5,338,793,1146,0.0,639,92.94
5K6K:A,ARB07938,94.633,354,11,5,342,687,793,1146,0.0,695,97.46
5K6K:A,ARB07938,90.395,354,14,9,5,338,793,1146,0.0,640,93.22
5K6K:A,ATG29302,94.633,354,11,5,342,687,793,1146,0.0,695,97.18
5K6K:A,ATG29302,90.395,354,14,9,5,338,793,1146,0.0,639,92.94
5K6K:A,AQZ41951,94.633,354,11,5,342,687,793,1146,0.0,695,97.18
5K6K:A,AQZ41951,90.395,354,14,9,5,338,793,1146,0.0,639,92.94
5K6K:A,AYI50274,94.633,354,11,5,342,687,793,1146,0.0,695,97.18
5K6K:A,AYI50274,90.395,354,14,9,5,338,793,1146,0.0,640,92.94
5K6K:A,AOR82892,94.633,354,11,5,342,687,793,1146,0.0,695,97.46
5K6K:A,AOR82892,90.395,354,14,9,5,338,793,1146,0.0,640,93.22
5K6K:A,APW84873,94.633,354,11,5,342,687,793,1146,0.0,695,97.46
5K6K:A,APW84873,90.395,354,14,9,5,338,793,1146,0.0,640,93.22
5K6K:A,AOW32303,94.633,354,11,5,342,687,793,1146,0.0,695,97.18
5K6K:A,AOW32303,90.395,354,14,9,5,338,793,1146,0.0,639,92.94
5K6K:A,AQZ41956,94.633,354,11,5,342,687,793,1146,0.0,695,97.18
5K6K:A,AQZ41956,90.395,354,14,9,5,338,793,1146,0.0,639,92.94
5K6K:A,AMC13913,94.633,354,11,5,342,687,793,1146,0.0,695,97.18
5K6K:A,AMC13913,90.395,354,14,9,5,338,793,1146,0.0,639,92.94
5K6K:A,ANH10698,94.633,354,11,5,342,687,793,1146,0.0,695,97.46
5K6K:A,ANH10698,90.395,354,14,9,5,338,793,1146,0.0,640,93.22
5K6K:A,ASU55505,94.633,354,11,5,342,687,793,1146,0.0,695,97.18
5K6K:A,ASU55505,90.395,354,14,9,5,338,793,1146,0.0,639,92.94
5K6K:A,AOY08540,94.633,354,11,5,342,687,793,1146,0.0,695,97.18
5K6K:A,AOY08540,90.395,354,14,9,5,338,793,1146,0.0,639,92.94
5K6K:A,AOO53981,94.633,354,11,5,342,687,793,1146,0.0,695,97.46
5K6K:A,AOO53981,90.395,354,14,9,5,338,793,1146,0.0,640,93.22
5K6K:A,ATG29284,94.633,354,11,5,342,687,793,1146,0.0,695,97.18
5K6K:A,ATG29284,90.395,354,14,9,5,338,793,1146,0.0,639,92.94
5K6K:A,BAV82373,94.633,354,11,5,342,687,793,1146,0.0,695,97.46
5K6K:A,BAV82373,90.395,354,14,9,5,338,793,1146,0.0,640,93.22
5K6K:A,ART29825,94.633,354,11,5,342,687,793,1146,0.0,695,97.46
5K6K:A,ART29825,90.395,354,14,9,5,338,793,1146,0.0,640,93.22
5K6K:A,AXF50015,94.633,354,11,5,342,687,793,1146,0.0,695,97.46
5K6K:A,AXF50015,90.395,354,14,9,5,338,793,1146,0.0,640,93.22
5K6K:A,ATG29306,94.633,354,11,5,342,687,793,1146,0.0,695,97.18
5K6K:A,ATG29306,90.395,354,14,9,5,338,793,1146,0.0,639,92.94
5K6K:A,APO39233,94.633,354,11,5,342,687,793,1146,0.0,695,97.46
5K6K:A,APO39233,90.395,354,14,9,5,338,793,1146,0.0,640,93.22
5K6K:A,ATB53752,94.633,354,11,5,342,687,793,1146,0.0,695,97.46
5K6K:A,ATB53752,90.395,354,14,9,5,338,793,1146,0.0,640,93.22
5K6K:A,AQZ41953,94.633,354,11,5,342,687,793,1146,0.0,695,97.18
5K6K:A,AQZ41953,90.395,354,14,9,5,338,793,1146,0.0,639,92.94
5K6K:A,AOY08531,94.633,354,11,5,342,687,793,1146,0.0,695,97.18
5K6K:A,AOY08531,90.395,354,14,9,5,338,793,1146,0.0,640,92.94
5K6K:A,APW84872,94.633,354,11,5,342,687,793,1146,0.0,695,97.46
5K6K:A,APW84872,90.395,354,14,9,5,338,793,1146,0.0,640,93.22
5K6K:A,AOY08518,94.633,354,11,5,342,687,793,1146,0.0,695,97.18
5K6K:A,AOY08518,90.395,354,14,9,5,338,793,1146,0.0,639,92.94
5K6K:A,AMX81919,94.633,354,11,5,342,687,793,1146,0.0,695,97.46
5K6K:A,AMX81919,90.678,354,13,9,5,338,793,1146,0.0,642,93.22
5K6K:A,AUF35022,94.633,354,11,5,342,687,793,1146,0.0,695,97.46
5K6K:A,AUF35022,90.395,354,14,9,5,338,793,1146,0.0,640,93.22
5K6K:A,APH11538,94.915,354,10,5,342,687,793,1146,0.0,695,97.46
5K6K:A,APH11538,90.678,354,13,9,5,338,793,1146,0.0,639,93.22
5K6K:A,AOY08525,94.633,354,11,5,342,687,793,1146,0.0,695,97.46
5K6K:A,AOY08525,90.395,354,14,9,5,338,793,1146,0.0,640,93.22
5K6K:A,AOS90224,94.633,354,11,5,342,687,793,1146,0.0,695,97.46
5K6K:A,AOS90224,90.395,354,14,9,5,338,793,1146,0.0,640,93.22
5K6K:A,ALU33341,94.633,354,11,5,342,687,793,1146,0.0,695,97.46
5K6K:A,ALU33341,90.678,354,13,9,5,338,793,1146,0.0,642,93.22
5K6K:A,AQZ41954,94.633,354,11,5,342,687,793,1146,0.0,695,97.18
5K6K:A,AQZ41954,90.395,354,14,9,5,338,793,1146,0.0,639,92.94
5K6K:A,APO39236,94.633,354,11,5,342,687,793,1146,0.0,695,97.46
5K6K:A,APO39236,90.395,354,14,9,5,338,793,1146,0.0,640,93.22
5K6K:A,ARB07939,94.633,354,11,5,342,687,793,1146,0.0,695,97.18
5K6K:A,ARB07939,90.395,354,14,9,5,338,793,1146,0.0,640,92.94
5K6K:A,ATG29276,94.633,354,11,5,342,687,793,1146,0.0,695,97.18
5K6K:A,ATG29276,90.395,354,14,9,5,338,793,1146,0.0,639,92.94
5K6K:A,AMN14620,94.633,354,11,5,342,687,793,1146,0.0,695,97.46
5K6K:A,AMN14620,90.395,354,14,9,5,338,793,1146,0.0,640,93.22
5K6K:A,ATG29267,94.633,354,11,5,342,687,793,1146,0.0,695,97.18
5K6K:A,ATG29267,90.395,354,14,9,5,338,793,1146,0.0,639,92.94
5K6K:A,APB03020,94.633,354,11,5,342,687,793,1146,0.0,695,97.46
5K6K:A,APB03020,90.395,354,14,9,5,338,793,1146,0.0,640,93.22
5K6K:A,ATG29292,94.633,354,11,5,342,687,793,1146,0.0,695,97.18
5K6K:A,ATG29292,90.395,354,14,9,5,338,793,1146,0.0,639,92.94
5K6K:A,AQX32985,94.633,354,11,5,342,687,793,1146,0.0,695,97.18
5K6K:A,AQX32985,90.395,354,14,9,5,338,793,1146,0.0,639,92.94
5K6K:A,APO39229,94.633,354,11,5,342,687,793,1146,0.0,695,97.18
5K6K:A,APO39229,90.395,354,14,9,5,338,793,1146,0.0,639,92.94
5K6K:A,AOY08516,94.633,354,11,5,342,687,793,1146,0.0,695,97.46
5K6K:A,AOY08516,90.395,354,14,9,5,338,793,1146,0.0,640,93.22
5K6K:A,ARB07977,94.633,354,11,5,342,687,793,1146,0.0,695,97.46
5K6K:A,ARB07977,90.395,354,14,9,5,338,793,1146,0.0,639,93.22
5K6K:A,ARU07075,94.633,354,11,5,342,687,793,1146,0.0,695,97.46
5K6K:A,ARU07075,90.395,354,14,9,5,338,793,1146,0.0,640,93.22
5K6K:A,AWF93618,94.633,354,11,5,342,687,793,1146,0.0,695,97.18
5K6K:A,AWF93618,90.395,354,14,9,5,338,793,1146,0.0,639,92.94
5K6K:A,AVZ25033,94.633,354,11,5,342,687,793,1146,0.0,695,97.18
5K6K:A,AVZ25033,90.395,354,14,9,5,338,793,1146,0.0,639,92.94
5K6K:A,ASW34087,94.633,354,11,5,342,687,793,1146,0.0,695,97.46
5K6K:A,ASW34087,90.395,354,14,9,5,338,793,1146,0.0,640,93.22
5K6K:A,AOY08523,94.633,354,11,5,342,687,793,1146,0.0,695,97.46
5K6K:A,AOY08523,90.395,354,14,9,5,338,793,1146,0.0,640,93.22
5K6K:A,ARI68105,94.633,354,11,5,342,687,793,1146,0.0,694,97.18
5K6K:A,ARI68105,90.395,354,14,9,5,338,793,1146,0.0,639,92.94
5K6K:A,ANO46297,94.633,354,11,5,342,687,793,1146,0.0,694,97.18
5K6K:A,ANO46297,90.395,354,14,9,5,338,793,1146,0.0,639,92.94
5K6K:A,AYI50275,94.633,354,11,5,342,687,793,1146,0.0,694,97.18
5K6K:A,AYI50275,90.395,354,14,9,5,338,793,1146,0.0,639,92.94
5K6K:A,AQZ41949,94.633,354,11,5,342,687,793,1146,0.0,694,97.18
5K6K:A,AQZ41949,90.395,354,14,9,5,338,793,1146,0.0,639,92.94
5K6K:A,AOY08519,94.633,354,11,5,342,687,793,1146,0.0,694,97.46
5K6K:A,AOY08519,90.395,354,14,9,5,338,793,1146,0.0,639,93.22
5K6K:A,ANO46298,94.633,354,11,5,342,687,793,1146,0.0,694,97.18
5K6K:A,ANO46298,90.395,354,14,9,5,338,793,1146,0.0,639,92.94
5K6K:A,AQS26800,94.633,354,11,5,342,687,793,1146,0.0,694,97.18
5K6K:A,AQS26800,90.395,354,14,9,5,338,793,1146,0.0,639,92.94
5K6K:A,ASL68974,94.633,354,11,5,342,687,793,1146,0.0,694,97.18
5K6K:A,ASL68974,90.395,354,14,9,5,338,793,1146,0.0,639,92.94
5K6K:A,ANB66184,94.915,354,10,5,342,687,793,1146,0.0,694,97.18
5K6K:A,ANB66184,90.678,354,13,9,5,338,793,1146,0.0,639,92.94
5K6K:A,ATG29297,94.633,354,11,5,342,687,793,1146,0.0,694,97.18
5K6K:A,ATG29297,90.395,354,14,9,5,338,793,1146,0.0,639,92.94
5K6K:A,ARB07964,94.633,354,11,5,342,687,793,1146,0.0,694,97.18
5K6K:A,ARB07964,90.395,354,14,9,5,338,793,1146,0.0,639,92.94
5K6K:A,ATG29287,94.350,354,12,5,342,687,793,1146,0.0,694,97.18
5K6K:A,ATG29287,90.395,354,14,9,5,338,793,1146,0.0,639,92.94
5K6K:A,AMB18850,94.633,354,11,5,342,687,793,1146,0.0,694,97.18
5K6K:A,AMB18850,90.395,354,14,9,5,338,793,1146,0.0,639,92.94
5K6K:A,ANO46303,94.633,354,11,5,342,687,793,1146,0.0,694,97.18
5K6K:A,ANO46303,90.395,354,14,9,5,338,793,1146,0.0,639,92.94
5K6K:A,AMD61710,94.350,354,12,5,342,687,793,1146,0.0,694,97.18
5K6K:A,AMD61710,90.113,354,15,9,5,338,793,1146,0.0,639,92.94
5K6K:A,ARO84674,94.633,354,11,5,342,687,793,1146,0.0,694,97.18
5K6K:A,ARO84674,90.395,354,14,9,5,338,793,1146,0.0,639,92.94
5K6K:A,ARK18853,94.633,354,11,5,342,687,793,1146,0.0,694,97.18
5K6K:A,ARK18853,90.395,354,14,9,5,338,793,1146,0.0,639,92.94
5K6K:A,AQW43707,94.350,354,12,5,342,687,793,1146,0.0,694,97.18
5K6K:A,AQW43707,90.113,354,15,9,5,338,793,1146,0.0,639,92.94
5K6K:A,ASK51714,94.350,354,12,5,342,687,793,1146,0.0,694,97.18
5K6K:A,ASK51714,90.113,354,15,9,5,338,793,1146,0.0,639,92.94
5K6K:A,AUF35021,94.633,354,11,5,342,687,793,1146,0.0,694,97.18
5K6K:A,AUF35021,90.395,354,14,9,5,338,793,1146,0.0,639,92.94
5K6K:A,BAV89190,94.633,354,11,5,342,687,793,1146,0.0,694,97.18
5K6K:A,BAV89190,90.395,354,14,9,5,338,793,1146,0.0,639,92.94
5K6K:A,ATG29307,94.350,354,12,5,342,687,793,1146,0.0,694,97.18
5K6K:A,ATG29307,90.113,354,15,9,5,338,793,1146,0.0,639,92.94
5K6K:A,ASU55413,94.633,354,11,5,342,687,793,1146,0.0,693,97.18
5K6K:A,ASU55413,90.395,354,14,9,5,338,793,1146,0.0,638,92.94
5K6K:A,AMM39804,94.633,354,11,5,342,687,793,1146,0.0,693,97.18
5K6K:A,AMM39804,90.395,354,14,9,5,338,793,1146,0.0,638,92.94
5K6K:A,ASU55418,94.633,354,11,5,342,687,793,1146,0.0,693,97.18
5K6K:A,ASU55418,90.395,354,14,9,5,338,793,1146,0.0,638,92.94
5K6K:A,ASU55410,94.633,354,11,5,342,687,793,1146,0.0,693,97.18
5K6K:A,ASU55410,90.395,354,14,9,5,338,793,1146,0.0,638,92.94
5K6K:A,ASU55420,94.633,354,11,5,342,687,793,1146,0.0,693,97.18
5K6K:A,ASU55420,90.395,354,14,9,5,338,793,1146,0.0,638,92.94
5K6K:A,ASU55402,94.633,354,11,5,342,687,793,1146,0.0,693,97.18
5K6K:A,ASU55402,90.395,354,14,9,5,338,793,1146,0.0,638,92.94
5K6K:A,ANF04752,94.633,354,11,5,342,687,793,1146,0.0,693,97.18
5K6K:A,ANF04752,90.395,354,14,9,5,338,793,1146,0.0,638,92.94
5K6K:A,APQ41784,94.633,354,11,5,342,687,793,1146,0.0,693,97.18
5K6K:A,APQ41784,90.395,354,14,9,5,338,793,1146,0.0,638,92.94
5K6K:A,ANB66182,94.633,354,11,5,342,687,793,1146,0.0,693,97.18
5K6K:A,ANB66182,90.395,354,14,9,5,338,793,1146,0.0,638,92.94
5K6K:A,APQ41782,94.633,354,11,5,342,687,793,1146,0.0,693,97.18
5K6K:A,APQ41782,90.395,354,14,9,5,338,793,1146,0.0,638,92.94
5K6K:A,ASU55390,94.633,354,11,5,342,687,793,1146,0.0,693,97.18
5K6K:A,ASU55390,90.395,354,14,9,5,338,793,1146,0.0,638,92.94
5K6K:A,ASU55395,94.633,354,11,5,342,687,793,1146,0.0,693,97.18
5K6K:A,ASU55395,90.395,354,14,9,5,338,793,1146,0.0,638,92.94
5K6K:A,ASU55407,94.633,354,11,5,342,687,793,1146,0.0,693,97.18
5K6K:A,ASU55407,90.395,354,14,9,5,338,793,1146,0.0,638,92.94
5K6K:A,ASU55426,94.633,354,11,5,342,687,793,1146,0.0,693,97.18
5K6K:A,ASU55426,90.395,354,14,9,5,338,793,1146,0.0,638,92.94
5K6K:A,ASU55397,94.633,354,11,5,342,687,793,1146,0.0,693,97.18
5K6K:A,ASU55397,90.395,354,14,9,5,338,793,1146,0.0,638,92.94
5K6K:A,AMQ34003,94.633,354,11,5,342,687,793,1146,0.0,693,97.18
5K6K:A,AMQ34003,90.395,354,14,9,5,338,793,1146,0.0,638,92.94
5K6K:A,ASU55404,94.633,354,11,5,342,687,793,1146,0.0,693,97.18
5K6K:A,ASU55404,90.395,354,14,9,5,338,793,1146,0.0,638,92.94
5K6K:A,AMQ48986,94.350,354,12,5,342,687,793,1146,0.0,693,97.18
5K6K:A,AMQ48986,90.113,354,15,9,5,338,793,1146,0.0,638,92.94
5K6K:A,ASU55398,94.633,354,11,5,342,687,793,1146,0.0,693,97.18
5K6K:A,ASU55398,90.395,354,14,9,5,338,793,1146,0.0,638,92.94
5K6K:A,ASU55423,94.633,354,11,5,342,687,793,1146,0.0,693,97.18
5K6K:A,ASU55423,90.395,354,14,9,5,338,793,1146,0.0,638,92.94
5K6K:A,ASU55411,94.633,354,11,5,342,687,793,1146,0.0,693,97.18
5K6K:A,ASU55411,90.395,354,14,9,5,338,793,1146,0.0,638,92.94
5K6K:A,ASU55425,94.633,354,11,5,342,687,793,1146,0.0,693,97.18
5K6K:A,ASU55425,90.395,354,14,9,5,338,793,1146,0.0,638,92.94
5K6K:A,ASU55401,94.633,354,11,5,342,687,793,1146,0.0,693,97.18
5K6K:A,ASU55401,90.395,354,14,9,5,338,793,1146,0.0,638,92.94
5K6K:A,ASU55391,94.633,354,11,5,342,687,793,1146,0.0,693,97.18
5K6K:A,ASU55391,90.395,354,14,9,5,338,793,1146,0.0,638,92.94
5K6K:A,ART29828,94.350,354,12,5,342,687,793,1146,0.0,693,97.18
5K6K:A,ART29828,90.113,354,15,9,5,338,793,1146,0.0,638,92.94
5K6K:A,AQX32986,94.633,354,11,5,342,687,793,1146,0.0,693,97.18
5K6K:A,AQX32986,90.395,354,14,9,5,338,793,1146,0.0,638,92.94
5K6K:A,AOY08524,94.633,354,11,5,342,687,793,1146,0.0,693,97.18
5K6K:A,AOY08524,90.395,354,14,9,5,338,793,1146,0.0,638,92.94
5K6K:A,ASU55412,94.633,354,11,5,342,687,793,1146,0.0,693,97.18
5K6K:A,ASU55412,90.395,354,14,9,5,338,793,1146,0.0,638,92.94
5K6K:A,ARB07981,94.633,354,11,5,342,687,793,1146,0.0,693,97.18
5K6K:A,ARB07981,90.395,354,14,9,5,338,793,1146,0.0,638,92.94
5K6K:A,ASU55424,94.633,354,11,5,342,687,793,1146,0.0,693,97.18
5K6K:A,ASU55424,90.395,354,14,9,5,338,793,1146,0.0,638,92.94
5K6K:A,ASU55414,94.633,354,11,5,342,687,793,1146,0.0,693,97.18
5K6K:A,ASU55414,90.395,354,14,9,5,338,793,1146,0.0,638,92.94
5K6K:A,ASU55406,94.633,354,11,5,342,687,793,1146,0.0,693,97.18
5K6K:A,ASU55406,90.395,354,14,9,5,338,793,1146,0.0,638,92.94
5K6K:A,ASU55419,94.633,354,11,5,342,687,793,1146,0.0,693,97.18
5K6K:A,ASU55419,90.395,354,14,9,5,338,793,1146,0.0,638,92.94
5K6K:A,ASU55421,94.633,354,11,5,342,687,793,1146,0.0,693,97.18
5K6K:A,ASU55421,90.395,354,14,9,5,338,793,1146,0.0,638,92.94
5K6K:A,AUI42289,94.350,354,12,5,342,687,793,1146,0.0,693,97.18
5K6K:A,AUI42289,90.113,354,15,9,5,338,793,1146,0.0,638,92.94
5K6K:A,APQ41785,94.633,354,11,5,342,687,793,1146,0.0,693,97.18
5K6K:A,APQ41785,90.395,354,14,9,5,338,793,1146,0.0,638,92.94
5K6K:A,APQ41783,94.633,354,11,5,342,687,793,1146,0.0,693,97.18
5K6K:A,APQ41783,90.395,354,14,9,5,338,793,1146,0.0,638,92.94
5K6K:A,ASU55405,94.633,354,11,5,342,687,793,1146,0.0,693,97.18
5K6K:A,ASU55405,90.395,354,14,9,5,338,793,1146,0.0,638,92.94
5K6K:A,ANS60026,94.633,354,11,5,342,687,793,1146,0.0,693,96.89
5K6K:A,ANS60026,90.395,354,14,9,5,338,793,1146,0.0,638,92.66
5K6K:A,ASU55392,94.633,354,11,5,342,687,793,1146,0.0,693,97.18
5K6K:A,ASU55392,90.395,354,14,9,5,338,793,1146,0.0,638,92.94
5K6K:A,APQ41786,94.633,354,11,5,342,687,793,1146,0.0,693,97.18
5K6K:A,APQ41786,90.395,354,14,9,5,338,793,1146,0.0,638,92.94
5K6K:A,ASU55422,94.633,354,11,5,342,687,793,1146,0.0,693,97.18
5K6K:A,ASU55422,90.395,354,14,9,5,338,793,1146,0.0,638,92.94
5K6K:A,AMC33116,94.633,354,11,5,342,687,793,1146,0.0,693,97.18
5K6K:A,AMC33116,90.395,354,14,9,5,338,793,1146,0.0,638,92.94
5K6K:A,AQX32987,94.633,354,11,5,342,687,793,1146,0.0,693,97.18
5K6K:A,AQX32987,90.395,354,14,9,5,338,793,1146,0.0,638,92.94
5K6K:A,ANC90428,94.633,354,11,5,342,687,793,1146,0.0,693,97.18
5K6K:A,ANC90428,90.395,354,14,9,5,338,793,1146,0.0,638,92.94
5K6K:A,APB03017,94.633,354,11,5,342,687,793,1146,0.0,693,97.18
5K6K:A,APB03017,90.395,354,14,9,5,338,793,1146,0.0,638,92.94
5K6K:A,AMQ34004,94.633,354,11,5,342,687,793,1146,0.0,693,97.18
5K6K:A,AMQ34004,90.395,354,14,9,5,338,793,1146,0.0,638,92.94
5K6K:A,ASU55415,94.633,354,11,5,342,687,793,1146,0.0,693,97.18
5K6K:A,ASU55415,90.395,354,14,9,5,338,793,1146,0.0,638,92.94
5K6K:A,AMZ03557,94.633,354,11,5,342,687,793,1146,0.0,693,97.18
5K6K:A,AMZ03557,90.395,354,14,9,5,338,793,1146,0.0,638,92.94
5K6K:A,ATG29280,94.350,354,12,5,342,687,793,1146,0.0,693,96.89
5K6K:A,ATG29280,90.113,354,15,9,5,338,793,1146,0.0,638,92.66
5K6K:A,ATG29285,94.350,354,12,5,342,687,793,1146,0.0,693,96.89
5K6K:A,ATG29285,90.113,354,15,9,5,338,793,1146,0.0,637,92.66
5K6K:A,AUI42194,94.350,354,12,5,342,687,793,1146,0.0,693,97.18
5K6K:A,AUI42194,90.113,354,15,9,5,338,793,1146,0.0,638,92.94
5K6K:A,ATG29301,94.350,354,12,5,342,687,793,1146,0.0,693,96.89
5K6K:A,ATG29301,90.113,354,15,9,5,338,793,1146,0.0,638,92.66
5K6K:A,ASU55394,94.633,354,11,5,342,687,793,1146,0.0,693,97.18
5K6K:A,ASU55394,90.395,354,14,9,5,338,793,1146,0.0,638,92.94
5K6K:A,AOG18296,94.350,354,12,5,342,687,793,1146,0.0,693,97.18
5K6K:A,AOG18296,90.113,354,15,9,5,338,793,1146,0.0,638,92.94
5K6K:A,AUD54964,94.350,354,12,5,342,687,793,1146,0.0,693,97.18
5K6K:A,AUD54964,90.113,354,15,9,5,338,793,1146,0.0,637,92.94
5K6K:A,AOO19564,94.350,354,12,5,342,687,793,1146,0.0,693,97.18
5K6K:A,AOO19564,90.113,354,15,9,5,338,793,1146,0.0,638,92.94
5K6K:A,ARB07932,94.350,354,12,5,342,687,793,1146,0.0,692,97.18
5K6K:A,ARB07932,90.113,354,15,9,5,338,793,1146,0.0,637,92.94
5K6K:A,AWH65849,94.633,354,11,5,342,687,793,1146,0.0,692,97.18
5K6K:A,AWH65849,90.395,354,14,9,5,338,793,1146,0.0,637,92.94
5K6K:A,ANK57897,94.633,354,11,5,342,687,793,1146,0.0,692,97.18
5K6K:A,ANK57897,90.395,354,14,9,5,338,793,1146,0.0,637,92.94
5K6K:A,ARB07954,94.350,354,12,5,342,687,793,1146,0.0,692,96.89
5K6K:A,ARB07954,90.113,354,15,9,5,338,793,1146,0.0,637,92.66
5K6K:A,AQX32984,94.350,354,12,5,342,687,793,1146,0.0,692,96.89
5K6K:A,AQX32984,90.113,354,15,9,5,338,793,1146,0.0,637,92.66
5K6K:A,ARB07936,94.350,354,12,5,342,687,793,1146,0.0,692,97.18
5K6K:A,ARB07936,90.113,354,15,9,5,338,793,1146,0.0,637,92.94
5K6K:A,ARB07971,94.350,354,12,5,342,687,793,1146,0.0,692,97.18
5K6K:A,ARB07971,90.395,354,14,9,5,338,793,1146,0.0,639,93.22
5K6K:A,ARB07935,94.350,354,12,5,342,687,793,1146,0.0,692,97.18
5K6K:A,ARB07935,90.113,354,15,9,5,338,793,1146,0.0,637,92.94
5K6K:A,APO39237,94.350,354,12,5,342,687,793,1146,0.0,692,97.18
5K6K:A,APO39237,90.113,354,15,9,5,338,793,1146,0.0,637,92.94
5K6K:A,ARB07988,94.350,354,12,5,342,687,793,1146,0.0,692,97.18
5K6K:A,ARB07988,90.113,354,15,9,5,338,793,1146,0.0,637,92.94
5K6K:A,ARB07978,94.633,354,11,5,342,687,793,1146,0.0,692,96.89
5K6K:A,ARB07978,90.395,354,14,9,5,338,793,1146,0.0,637,92.66
5K6K:A,ARM59239,94.350,354,12,5,342,687,793,1146,0.0,692,97.18
5K6K:A,ARM59239,90.113,354,15,9,5,338,793,1146,0.0,637,92.94
5K6K:A,ASU55408,94.350,354,12,5,342,687,793,1146,0.0,692,97.18
5K6K:A,ASU55408,90.113,354,15,9,5,338,793,1146,0.0,637,92.94
5K6K:A,ASL68979,94.350,354,12,5,342,687,793,1146,0.0,692,96.89
5K6K:A,ASL68979,90.113,354,15,9,5,338,793,1146,0.0,636,92.66
5K6K:A,ACD75819,94.068,354,13,5,342,687,793,1146,0.0,692,96.89
5K6K:A,ACD75819,89.831,354,16,9,5,338,793,1146,0.0,636,92.66
5K6K:A,ASU55393,94.350,354,12,5,342,687,793,1146,0.0,692,97.18
5K6K:A,ASU55393,90.113,354,15,9,5,338,793,1146,0.0,637,92.94
5K6K:A,ASU55403,94.350,354,12,5,342,687,793,1146,0.0,692,96.89
5K6K:A,ASU55403,90.113,354,15,9,5,338,793,1146,0.0,636,92.66
5K6K:A,ATG29299,94.350,354,12,5,342,687,793,1146,0.0,692,96.89
5K6K:A,ATG29299,90.113,354,15,9,5,338,793,1146,0.0,636,92.66
5K6K:A,ANC90426,94.350,354,12,5,342,687,793,1146,0.0,692,97.18
5K6K:A,ANC90426,90.395,354,14,9,5,338,793,1146,0.0,639,92.94
5K6K:A,ARB07957,94.068,354,13,5,342,687,793,1146,0.0,691,96.89
5K6K:A,ARB07957,89.831,354,16,9,5,338,793,1146,0.0,636,92.66
5K6K:A,AMK49164,94.350,354,12,5,342,687,793,1146,0.0,691,97.18
5K6K:A,AMK49164,90.113,354,15,9,5,338,793,1146,0.0,636,92.94
5K6K:A,AQW43708,94.068,354,13,5,342,687,793,1146,0.0,691,96.89
5K6K:A,AQW43708,89.831,354,16,9,5,338,793,1146,0.0,636,92.66
5K6K:A,AOC50654,94.350,354,12,5,342,687,793,1146,0.0,691,96.89
5K6K:A,AOC50654,90.113,354,15,9,5,338,793,1146,0.0,636,92.66
5K6K:A,AYI50389,94.350,354,12,5,342,687,793,1146,0.0,691,96.89
5K6K:A,AYI50389,90.113,354,15,9,5,338,793,1146,0.0,636,92.66
5K6K:A,AYI50390,94.350,354,12,5,342,687,793,1146,0.0,691,96.89
5K6K:A,AYI50390,89.831,354,16,8,5,338,793,1146,0.0,639,92.66
5K6K:A,ANB66183,94.350,354,12,5,342,687,793,1146,0.0,691,96.89
5K6K:A,ANB66183,90.113,354,15,9,5,338,793,1146,0.0,636,92.66
5K6K:A,ASU55396,94.350,354,12,5,342,687,793,1146,0.0,691,96.89
5K6K:A,ASU55396,90.113,354,15,9,5,338,793,1146,0.0,636,92.66
5K6K:A,ASB32509,94.350,354,12,5,342,687,793,1146,0.0,691,97.18
5K6K:A,ASB32509,90.395,354,14,9,5,338,793,1146,0.0,638,92.94
5K6K:A,ASU55399,94.350,354,12,5,342,687,793,1146,0.0,691,97.18
5K6K:A,ASU55399,90.113,354,15,9,5,338,793,1146,0.0,636,92.94
5K6K:A,AOE22997,94.350,354,12,5,342,687,793,1146,0.0,691,96.89
5K6K:A,AOE22997,90.113,354,15,9,5,338,793,1146,0.0,635,92.66
5K6K:A,ARB07996,94.350,354,12,5,342,687,793,1146,0.0,691,97.18
5K6K:A,ARB07996,90.113,354,15,9,5,338,793,1146,0.0,635,92.94
5K6K:A,AOR87336,94.350,354,12,5,342,687,793,1146,0.0,691,96.89
5K6K:A,AOR87336,90.113,354,15,9,5,338,793,1146,0.0,635,92.66
5K6K:A,AYI50392,94.350,354,12,5,342,687,793,1146,0.0,690,96.89
5K6K:A,AYI50392,89.831,354,16,8,5,338,793,1146,0.0,638,92.37
5K6K:A,ASU55409,94.350,354,12,5,342,687,793,1146,0.0,690,96.89
5K6K:A,ASU55409,90.113,354,15,9,5,338,793,1146,0.0,635,92.66
5K6K:A,ARB07927,94.068,354,13,5,342,687,793,1146,0.0,689,96.89
5K6K:A,ARB07927,89.831,354,16,9,5,338,793,1146,0.0,634,92.66
5K6K:A,ASU55400,94.068,354,13,5,342,687,793,1146,0.0,688,96.89
5K6K:A,ASU55400,89.831,354,16,9,5,338,793,1146,0.0,633,92.66
5K6K:A,AVG19202,94.068,354,13,5,342,687,793,1146,0.0,687,96.89
5K6K:A,AVG19202,90.678,354,13,9,5,338,793,1146,0.0,642,93.50
5K6K:A,ATG29278,92.938,354,17,5,342,687,793,1146,0.0,680,95.20
5K6K:A,ATG29278,88.701,354,20,9,5,338,793,1146,0.0,625,90.96
5K6K:A,AMK79469,92.938,354,17,5,342,687,793,1146,0.0,678,95.76
5K6K:A,AMK79469,88.701,354,20,9,5,338,793,1146,0.0,623,91.53
5K6K:A,ARB07931,92.655,354,18,5,342,687,793,1146,0.0,677,95.48
5K6K:A,ARB07931,88.418,354,21,9,5,338,793,1146,0.0,622,91.24
5K6K:A,ASL68973,92.655,354,18,5,342,687,793,1146,0.0,676,95.20
5K6K:A,ASL68973,88.418,354,21,9,5,338,793,1146,0.0,621,90.96
5K6K:A,ATG29273,92.373,354,19,5,342,687,793,1146,0.0,672,94.92
5K6K:A,ATG29273,88.136,354,22,9,5,338,793,1146,0.0,617,90.68
5K6K:A,AOY08534,82.486,354,54,5,342,687,793,1146,0.0,593,84.46
5K6K:A,AOY08534,78.249,354,57,9,5,338,793,1146,4.63e-170,538,80.23
5K6K:A,ARB07926,82.203,354,55,5,342,687,793,1146,0.0,591,84.18
5K6K:A,ARB07926,77.966,354,58,9,5,338,793,1146,2.58e-169,535,79.94
5K6K:A,ARB07968,81.921,354,56,5,342,687,793,1146,0.0,588,83.90
5K6K:A,ARB07968,77.684,354,59,9,5,338,793,1146,1.71e-168,533,79.66
5K6K:A,ARB07974,69.774,354,99,5,342,687,793,1146,2.25e-147,472,71.19
5K6K:A,ARB07974,65.537,354,102,9,5,338,793,1146,2.56e-128,417,66.95


