5TMH:A,AEN75265,95.444,878,13,22,1,851,2520,3397,0.0,1657,96.36
5TMH:A,AEN75265,95.097,877,13,26,858,1704,2521,3397,0.0,1630,96.01
5TMH:A,AMR68906,95.444,878,13,22,1,851,2520,3397,0.0,1657,96.36
5TMH:A,AMR68906,95.097,877,13,26,858,1704,2521,3397,0.0,1630,96.01
5TMH:A,AVZ47169,93.280,878,32,22,1,851,2526,3403,0.0,1628,95.56
5TMH:A,AVZ47169,93.158,877,30,26,858,1704,2527,3403,0.0,1603,95.32
5TMH:A,APG56458,93.280,878,32,22,1,851,2526,3403,0.0,1627,95.56
5TMH:A,APG56458,93.044,877,31,26,858,1704,2527,3403,0.0,1601,95.32
5TMH:A,AUF35022,93.280,878,32,22,1,851,2526,3403,0.0,1626,95.44
5TMH:A,AUF35022,93.044,877,31,26,858,1704,2527,3403,0.0,1601,95.21
5TMH:A,AQS26698,93.280,878,32,22,1,851,2522,3399,0.0,1626,95.56
5TMH:A,AQS26698,93.044,877,31,26,858,1704,2523,3399,0.0,1601,95.32
5TMH:A,AVG19202,93.280,878,32,22,1,851,2526,3403,0.0,1626,95.56
5TMH:A,AVG19202,93.044,877,31,26,858,1704,2527,3403,0.0,1600,95.32
5TMH:A,AMD61711,93.166,878,33,22,1,851,2526,3403,0.0,1626,95.56
5TMH:A,AMD61711,92.930,877,32,26,858,1704,2527,3403,0.0,1601,95.32
5TMH:A,AMX81916,93.052,878,34,22,1,851,2526,3403,0.0,1625,95.56
5TMH:A,AMX81916,92.930,877,32,26,858,1704,2527,3403,0.0,1601,95.32
5TMH:A,AOO19565,93.166,878,33,22,1,851,2526,3403,0.0,1624,95.44
5TMH:A,AOO19565,92.930,877,32,26,858,1704,2527,3403,0.0,1599,95.21
5TMH:A,APH11571,93.166,878,33,22,1,851,2526,3403,0.0,1624,95.44
5TMH:A,APH11571,92.930,877,32,26,858,1704,2527,3403,0.0,1599,95.21
5TMH:A,APH11595,93.166,878,33,22,1,851,2526,3403,0.0,1624,95.44
5TMH:A,APH11595,92.930,877,32,26,858,1704,2527,3403,0.0,1599,95.21
5TMH:A,APH11560,93.166,878,33,22,1,851,2526,3403,0.0,1624,95.44
5TMH:A,APH11560,92.930,877,32,26,858,1704,2527,3403,0.0,1599,95.21
5TMH:A,APH11528,93.166,878,33,22,1,851,2526,3403,0.0,1624,95.44
5TMH:A,APH11528,92.930,877,32,26,858,1704,2527,3403,0.0,1599,95.21
5TMH:A,APH11573,93.166,878,33,22,1,851,2526,3403,0.0,1624,95.44
5TMH:A,APH11573,92.930,877,32,26,858,1704,2527,3403,0.0,1599,95.21
5TMH:A,ARB07967,93.166,878,33,22,1,851,2526,3403,0.0,1624,95.44
5TMH:A,ARB07967,92.930,877,32,26,858,1704,2527,3403,0.0,1599,95.21
5TMH:A,AMX81915,93.166,878,33,22,1,851,2526,3403,0.0,1624,95.44
5TMH:A,AMX81915,92.930,877,32,26,858,1704,2527,3403,0.0,1599,95.21
5TMH:A,AVG19275,93.166,878,33,22,1,851,2526,3403,0.0,1624,95.44
5TMH:A,AVG19275,92.930,877,32,26,858,1704,2527,3403,0.0,1599,95.21
5TMH:A,APH11543,93.166,878,33,22,1,851,2526,3403,0.0,1624,95.44
5TMH:A,APH11543,92.930,877,32,26,858,1704,2527,3403,0.0,1599,95.21
5TMH:A,APG56499,93.166,878,33,22,1,851,2526,3403,0.0,1624,95.44
5TMH:A,APG56499,92.930,877,32,26,858,1704,2527,3403,0.0,1599,95.21
5TMH:A,APH11566,93.166,878,33,22,1,851,2526,3403,0.0,1624,95.44
5TMH:A,APH11566,92.930,877,32,26,858,1704,2527,3403,0.0,1599,95.21
5TMH:A,APH11538,93.166,878,33,22,1,851,2526,3403,0.0,1624,95.44
5TMH:A,APH11538,92.930,877,32,26,858,1704,2527,3403,0.0,1599,95.21
5TMH:A,APH11552,93.166,878,33,22,1,851,2526,3403,0.0,1624,95.44
5TMH:A,APH11552,92.930,877,32,26,858,1704,2527,3403,0.0,1599,95.21
5TMH:A,ANN44857,93.166,878,33,22,1,851,2526,3403,0.0,1624,95.44
5TMH:A,ANN44857,92.930,877,32,26,858,1704,2527,3403,0.0,1599,95.21
5TMH:A,APH11529,93.166,878,33,22,1,851,2526,3403,0.0,1624,95.44
5TMH:A,APH11529,92.930,877,32,26,858,1704,2527,3403,0.0,1599,95.21
5TMH:A,ANO46306,93.166,878,33,22,1,851,2526,3403,0.0,1624,95.44
5TMH:A,ANO46306,92.930,877,32,26,858,1704,2527,3403,0.0,1599,95.21
5TMH:A,ANO46303,93.166,878,33,22,1,851,2526,3403,0.0,1624,95.44
5TMH:A,ANO46303,92.930,877,32,26,858,1704,2527,3403,0.0,1599,95.21
5TMH:A,ANO46308,93.166,878,33,22,1,851,2526,3403,0.0,1624,95.44
5TMH:A,ANO46308,92.930,877,32,26,858,1704,2527,3403,0.0,1599,95.21
5TMH:A,ANO46305,93.166,878,33,22,1,851,2526,3403,0.0,1624,95.44
5TMH:A,ANO46305,92.930,877,32,26,858,1704,2527,3403,0.0,1599,95.21
5TMH:A,AMM39805,93.166,878,33,22,1,851,2526,3403,0.0,1624,95.56
5TMH:A,AMM39805,92.930,877,32,26,858,1704,2527,3403,0.0,1599,95.32
5TMH:A,AMK79468,93.166,878,33,22,1,851,2526,3403,0.0,1624,95.56
5TMH:A,AMK79468,92.930,877,32,26,858,1704,2527,3403,0.0,1599,95.32
5TMH:A,ANO46309,93.166,878,33,22,1,851,2526,3403,0.0,1624,95.44
5TMH:A,ANO46309,92.930,877,32,26,858,1704,2527,3403,0.0,1599,95.21
5TMH:A,ANO46302,93.166,878,33,22,1,851,2526,3403,0.0,1624,95.44
5TMH:A,ANO46302,92.930,877,32,26,858,1704,2527,3403,0.0,1599,95.21
5TMH:A,ANO46304,93.166,878,33,22,1,851,2526,3403,0.0,1624,95.44
5TMH:A,ANO46304,92.930,877,32,26,858,1704,2527,3403,0.0,1599,95.21
5TMH:A,AHZ13508,93.166,878,33,22,1,851,2526,3403,0.0,1624,95.44
5TMH:A,AHZ13508,92.930,877,32,26,858,1704,2527,3403,0.0,1599,95.21
5TMH:A,AML82110,93.166,878,33,22,1,851,2526,3403,0.0,1624,95.56
5TMH:A,AML82110,92.930,877,32,26,858,1704,2527,3403,0.0,1599,95.32
5TMH:A,ARB08102,93.166,878,33,22,1,851,2526,3403,0.0,1624,95.44
5TMH:A,ARB08102,92.930,877,32,26,858,1704,2527,3403,0.0,1599,95.21
5TMH:A,ANO46301,93.166,878,33,22,1,851,2526,3403,0.0,1624,95.44
5TMH:A,ANO46301,92.930,877,32,26,858,1704,2527,3403,0.0,1599,95.21
5TMH:A,APO08504,93.280,878,32,22,1,851,2526,3403,0.0,1624,95.44
5TMH:A,APO08504,93.044,877,31,26,858,1704,2527,3403,0.0,1599,95.21
5TMH:A,APH11509,93.166,878,33,22,1,851,2526,3403,0.0,1623,95.44
5TMH:A,APH11509,92.930,877,32,26,858,1704,2527,3403,0.0,1598,95.21
5TMH:A,APH11501,93.166,878,33,22,1,851,2526,3403,0.0,1623,95.44
5TMH:A,APH11501,92.930,877,32,26,858,1704,2527,3403,0.0,1598,95.21
5TMH:A,APH11565,93.166,878,33,22,1,851,2526,3403,0.0,1623,95.44
5TMH:A,APH11565,92.930,877,32,26,858,1704,2527,3403,0.0,1598,95.21
5TMH:A,APH11575,93.166,878,33,22,1,851,2526,3403,0.0,1623,95.44
5TMH:A,APH11575,92.930,877,32,26,858,1704,2527,3403,0.0,1598,95.21
5TMH:A,APH11531,93.166,878,33,22,1,851,2526,3403,0.0,1623,95.44
5TMH:A,APH11531,92.930,877,32,26,858,1704,2527,3403,0.0,1598,95.21
5TMH:A,APH11581,93.166,878,33,22,1,851,2526,3403,0.0,1623,95.44
5TMH:A,APH11581,92.930,877,32,26,858,1704,2527,3403,0.0,1598,95.21
5TMH:A,APH11512,93.166,878,33,22,1,851,2526,3403,0.0,1623,95.44
5TMH:A,APH11512,92.930,877,32,26,858,1704,2527,3403,0.0,1598,95.21
5TMH:A,APH11546,93.166,878,33,22,1,851,2526,3403,0.0,1623,95.44
5TMH:A,APH11546,92.930,877,32,26,858,1704,2527,3403,0.0,1598,95.21
5TMH:A,APH11557,93.166,878,33,22,1,851,2526,3403,0.0,1623,95.44
5TMH:A,APH11557,92.930,877,32,26,858,1704,2527,3403,0.0,1598,95.21
5TMH:A,APH11551,93.166,878,33,22,1,851,2526,3403,0.0,1623,95.44
5TMH:A,APH11551,92.930,877,32,26,858,1704,2527,3403,0.0,1598,95.21
5TMH:A,APH11497,93.166,878,33,22,1,851,2526,3403,0.0,1623,95.44
5TMH:A,APH11497,92.930,877,32,26,858,1704,2527,3403,0.0,1598,95.21
5TMH:A,APH11548,93.166,878,33,22,1,851,2526,3403,0.0,1623,95.44
5TMH:A,APH11548,92.930,877,32,26,858,1704,2527,3403,0.0,1598,95.21
5TMH:A,APH11515,93.166,878,33,22,1,851,2526,3403,0.0,1623,95.44
5TMH:A,APH11515,92.930,877,32,26,858,1704,2527,3403,0.0,1598,95.21
5TMH:A,APH11568,93.166,878,33,22,1,851,2526,3403,0.0,1623,95.44
5TMH:A,APH11568,92.930,877,32,26,858,1704,2527,3403,0.0,1598,95.21
5TMH:A,APH11555,93.166,878,33,22,1,851,2526,3403,0.0,1623,95.44
5TMH:A,APH11555,92.930,877,32,26,858,1704,2527,3403,0.0,1598,95.21
5TMH:A,AUF35021,93.166,878,33,22,1,851,2526,3403,0.0,1623,95.44
5TMH:A,AUF35021,92.930,877,32,26,858,1704,2527,3403,0.0,1598,95.21
5TMH:A,APH11592,93.166,878,33,22,1,851,2526,3403,0.0,1623,95.44
5TMH:A,APH11592,92.930,877,32,26,858,1704,2527,3403,0.0,1598,95.21
5TMH:A,APH11583,93.166,878,33,22,1,851,2526,3403,0.0,1623,95.44
5TMH:A,APH11583,92.930,877,32,26,858,1704,2527,3403,0.0,1598,95.21
5TMH:A,APH11532,93.166,878,33,22,1,851,2526,3403,0.0,1623,95.44
5TMH:A,APH11532,92.930,877,32,26,858,1704,2527,3403,0.0,1598,95.21
5TMH:A,APH11540,93.166,878,33,22,1,851,2526,3403,0.0,1623,95.44
5TMH:A,APH11540,92.930,877,32,26,858,1704,2527,3403,0.0,1598,95.21
5TMH:A,APH11570,93.166,878,33,22,1,851,2526,3403,0.0,1623,95.44
5TMH:A,APH11570,92.930,877,32,26,858,1704,2527,3403,0.0,1598,95.21
5TMH:A,APH11525,93.166,878,33,22,1,851,2526,3403,0.0,1623,95.44
5TMH:A,APH11525,92.930,877,32,26,858,1704,2527,3403,0.0,1598,95.21
5TMH:A,APH11590,93.166,878,33,22,1,851,2526,3403,0.0,1623,95.44
5TMH:A,APH11590,92.930,877,32,26,858,1704,2527,3403,0.0,1598,95.21
5TMH:A,APH11549,93.166,878,33,22,1,851,2526,3403,0.0,1623,95.44
5TMH:A,APH11549,92.930,877,32,26,858,1704,2527,3403,0.0,1598,95.21
5TMH:A,APH11534,93.166,878,33,22,1,851,2526,3403,0.0,1623,95.44
5TMH:A,APH11534,92.930,877,32,26,858,1704,2527,3403,0.0,1598,95.21
5TMH:A,APH11498,93.166,878,33,22,1,851,2526,3403,0.0,1623,95.44
5TMH:A,APH11498,92.930,877,32,26,858,1704,2527,3403,0.0,1598,95.21
5TMH:A,APH11554,93.166,878,33,22,1,851,2526,3403,0.0,1623,95.44
5TMH:A,APH11554,92.930,877,32,26,858,1704,2527,3403,0.0,1598,95.21
5TMH:A,APH11563,93.166,878,33,22,1,851,2526,3403,0.0,1623,95.44
5TMH:A,APH11563,92.930,877,32,26,858,1704,2527,3403,0.0,1598,95.21
5TMH:A,APH11503,93.166,878,33,22,1,851,2526,3403,0.0,1623,95.44
5TMH:A,APH11503,92.930,877,32,26,858,1704,2527,3403,0.0,1598,95.21
5TMH:A,APH11585,93.166,878,33,22,1,851,2526,3403,0.0,1623,95.44
5TMH:A,APH11585,92.930,877,32,26,858,1704,2527,3403,0.0,1598,95.21
5TMH:A,APH11539,93.166,878,33,22,1,851,2526,3403,0.0,1623,95.44
5TMH:A,APH11539,92.930,877,32,26,858,1704,2527,3403,0.0,1598,95.21
5TMH:A,APH11537,93.166,878,33,22,1,851,2526,3403,0.0,1623,95.44
5TMH:A,APH11537,92.930,877,32,26,858,1704,2527,3403,0.0,1598,95.21
5TMH:A,APH11561,93.166,878,33,22,1,851,2526,3403,0.0,1623,95.44
5TMH:A,APH11561,92.930,877,32,26,858,1704,2527,3403,0.0,1598,95.21
5TMH:A,APH11579,93.166,878,33,22,1,851,2526,3403,0.0,1623,95.44
5TMH:A,APH11579,92.930,877,32,26,858,1704,2527,3403,0.0,1598,95.21
5TMH:A,APH11504,93.166,878,33,22,1,851,2526,3403,0.0,1623,95.44
5TMH:A,APH11504,92.930,877,32,26,858,1704,2527,3403,0.0,1598,95.21
5TMH:A,APH11517,93.166,878,33,22,1,851,2526,3403,0.0,1623,95.44
5TMH:A,APH11517,92.930,877,32,26,858,1704,2527,3403,0.0,1598,95.21
5TMH:A,APH11542,93.166,878,33,22,1,851,2526,3403,0.0,1623,95.44
5TMH:A,APH11542,92.930,877,32,26,858,1704,2527,3403,0.0,1598,95.21
5TMH:A,APH11559,93.166,878,33,22,1,851,2526,3403,0.0,1623,95.44
5TMH:A,APH11559,92.930,877,32,26,858,1704,2527,3403,0.0,1598,95.21
5TMH:A,APH11578,93.166,878,33,22,1,851,2526,3403,0.0,1623,95.44
5TMH:A,APH11578,92.930,877,32,26,858,1704,2527,3403,0.0,1598,95.21
5TMH:A,APH11594,93.166,878,33,22,1,851,2526,3403,0.0,1623,95.44
5TMH:A,APH11594,92.930,877,32,26,858,1704,2527,3403,0.0,1598,95.21
5TMH:A,APH11586,93.166,878,33,22,1,851,2526,3403,0.0,1623,95.44
5TMH:A,APH11586,92.930,877,32,26,858,1704,2527,3403,0.0,1598,95.21
5TMH:A,APH11523,93.166,878,33,22,1,851,2526,3403,0.0,1623,95.44
5TMH:A,APH11523,92.930,877,32,26,858,1704,2527,3403,0.0,1598,95.21
5TMH:A,APH11550,93.166,878,33,22,1,851,2526,3403,0.0,1623,95.44
5TMH:A,APH11550,92.930,877,32,26,858,1704,2527,3403,0.0,1598,95.21
5TMH:A,APH11556,93.166,878,33,22,1,851,2526,3403,0.0,1623,95.44
5TMH:A,APH11556,92.930,877,32,26,858,1704,2527,3403,0.0,1598,95.21
5TMH:A,APH11514,93.166,878,33,22,1,851,2526,3403,0.0,1623,95.44
5TMH:A,APH11514,92.930,877,32,26,858,1704,2527,3403,0.0,1598,95.21
5TMH:A,APH11569,93.166,878,33,22,1,851,2526,3403,0.0,1623,95.44
5TMH:A,APH11569,92.930,877,32,26,858,1704,2527,3403,0.0,1598,95.21
5TMH:A,APH11505,93.166,878,33,22,1,851,2526,3403,0.0,1623,95.44
5TMH:A,APH11505,92.930,877,32,26,858,1704,2527,3403,0.0,1598,95.21
5TMH:A,APH11577,93.166,878,33,22,1,851,2526,3403,0.0,1623,95.44
5TMH:A,APH11577,92.930,877,32,26,858,1704,2527,3403,0.0,1598,95.21
5TMH:A,APH11587,93.166,878,33,22,1,851,2526,3403,0.0,1623,95.44
5TMH:A,APH11587,92.930,877,32,26,858,1704,2527,3403,0.0,1598,95.21
5TMH:A,APH11593,93.166,878,33,22,1,851,2526,3403,0.0,1623,95.44
5TMH:A,APH11593,92.930,877,32,26,858,1704,2527,3403,0.0,1598,95.21
5TMH:A,APH11526,93.166,878,33,22,1,851,2526,3403,0.0,1623,95.44
5TMH:A,APH11526,92.930,877,32,26,858,1704,2527,3403,0.0,1598,95.21
5TMH:A,APH11506,93.166,878,33,22,1,851,2526,3403,0.0,1623,95.44
5TMH:A,APH11506,92.930,877,32,26,858,1704,2527,3403,0.0,1598,95.21
5TMH:A,APH11499,93.166,878,33,22,1,851,2526,3403,0.0,1623,95.44
5TMH:A,APH11499,92.930,877,32,26,858,1704,2527,3403,0.0,1598,95.21
5TMH:A,AWK27349,93.166,878,33,22,1,851,2526,3403,0.0,1623,95.44
5TMH:A,AWK27349,92.930,877,32,26,858,1704,2527,3403,0.0,1598,95.21
5TMH:A,ANO46307,93.166,878,33,22,1,851,2526,3403,0.0,1623,95.44
5TMH:A,ANO46307,92.930,877,32,26,858,1704,2527,3403,0.0,1598,95.21
5TMH:A,APH11553,93.166,878,33,22,1,851,2526,3403,0.0,1623,95.44
5TMH:A,APH11553,92.930,877,32,26,858,1704,2527,3403,0.0,1598,95.21
5TMH:A,APH11500,93.166,878,33,22,1,851,2526,3403,0.0,1623,95.44
5TMH:A,APH11500,92.930,877,32,26,858,1704,2527,3403,0.0,1598,95.21
5TMH:A,APH11582,93.166,878,33,22,1,851,2526,3403,0.0,1623,95.44
5TMH:A,APH11582,92.930,877,32,26,858,1704,2527,3403,0.0,1598,95.21
5TMH:A,APH11576,93.166,878,33,22,1,851,2526,3403,0.0,1623,95.44
5TMH:A,APH11576,92.930,877,32,26,858,1704,2527,3403,0.0,1598,95.21
5TMH:A,APH11530,93.166,878,33,22,1,851,2526,3403,0.0,1623,95.44
5TMH:A,APH11530,92.930,877,32,26,858,1704,2527,3403,0.0,1598,95.21
5TMH:A,APH11521,93.166,878,33,22,1,851,2526,3403,0.0,1623,95.44
5TMH:A,APH11521,92.930,877,32,26,858,1704,2527,3403,0.0,1598,95.21
5TMH:A,APH11511,93.166,878,33,22,1,851,2526,3403,0.0,1623,95.44
5TMH:A,APH11511,92.930,877,32,26,858,1704,2527,3403,0.0,1598,95.21
5TMH:A,APH11507,93.166,878,33,22,1,851,2526,3403,0.0,1623,95.44
5TMH:A,APH11507,92.930,877,32,26,858,1704,2527,3403,0.0,1598,95.21
5TMH:A,APH11516,93.166,878,33,22,1,851,2526,3403,0.0,1623,95.44
5TMH:A,APH11516,92.930,877,32,26,858,1704,2527,3403,0.0,1598,95.21
5TMH:A,APH11567,93.166,878,33,22,1,851,2526,3403,0.0,1623,95.44
5TMH:A,APH11567,92.930,877,32,26,858,1704,2527,3403,0.0,1598,95.21
5TMH:A,APH11541,93.166,878,33,22,1,851,2526,3403,0.0,1623,95.44
5TMH:A,APH11541,92.930,877,32,26,858,1704,2527,3403,0.0,1598,95.21
5TMH:A,APH11558,93.166,878,33,22,1,851,2526,3403,0.0,1623,95.44
5TMH:A,APH11558,92.930,877,32,26,858,1704,2527,3403,0.0,1598,95.21
5TMH:A,APH11524,93.166,878,33,22,1,851,2526,3403,0.0,1623,95.44
5TMH:A,APH11524,92.930,877,32,26,858,1704,2527,3403,0.0,1598,95.21
5TMH:A,APH11533,93.166,878,33,22,1,851,2526,3403,0.0,1623,95.44
5TMH:A,APH11533,92.930,877,32,26,858,1704,2527,3403,0.0,1598,95.21
5TMH:A,APH11589,93.166,878,33,22,1,851,2526,3403,0.0,1623,95.44
5TMH:A,APH11589,92.930,877,32,26,858,1704,2527,3403,0.0,1598,95.21
5TMH:A,APH11522,93.166,878,33,22,1,851,2526,3403,0.0,1623,95.44
5TMH:A,APH11522,92.930,877,32,26,858,1704,2527,3403,0.0,1598,95.21
5TMH:A,APH11544,93.166,878,33,22,1,851,2526,3403,0.0,1623,95.44
5TMH:A,APH11544,92.930,877,32,26,858,1704,2527,3403,0.0,1598,95.21
5TMH:A,APH11510,93.166,878,33,22,1,851,2526,3403,0.0,1623,95.44
5TMH:A,APH11510,92.930,877,32,26,858,1704,2527,3403,0.0,1598,95.21
5TMH:A,APH11535,93.166,878,33,22,1,851,2526,3403,0.0,1623,95.44
5TMH:A,APH11535,92.930,877,32,26,858,1704,2527,3403,0.0,1598,95.21
5TMH:A,APH11508,93.166,878,33,22,1,851,2526,3403,0.0,1623,95.44
5TMH:A,APH11508,92.930,877,32,26,858,1704,2527,3403,0.0,1598,95.21
5TMH:A,APH11502,93.166,878,33,22,1,851,2526,3403,0.0,1623,95.44
5TMH:A,APH11502,92.930,877,32,26,858,1704,2527,3403,0.0,1598,95.21
5TMH:A,APH11564,93.166,878,33,22,1,851,2526,3403,0.0,1623,95.44
5TMH:A,APH11564,92.930,877,32,26,858,1704,2527,3403,0.0,1598,95.21
5TMH:A,APH11584,93.166,878,33,22,1,851,2526,3403,0.0,1623,95.44
5TMH:A,APH11584,92.930,877,32,26,858,1704,2527,3403,0.0,1598,95.21
5TMH:A,APH11536,93.166,878,33,22,1,851,2526,3403,0.0,1623,95.44
5TMH:A,APH11536,92.930,877,32,26,858,1704,2527,3403,0.0,1598,95.21
5TMH:A,APH11574,93.166,878,33,22,1,851,2526,3403,0.0,1623,95.44
5TMH:A,APH11574,92.930,877,32,26,858,1704,2527,3403,0.0,1598,95.21
5TMH:A,APH11572,93.166,878,33,22,1,851,2526,3403,0.0,1623,95.44
5TMH:A,APH11572,92.930,877,32,26,858,1704,2527,3403,0.0,1598,95.21
5TMH:A,APH11527,93.166,878,33,22,1,851,2526,3403,0.0,1623,95.44
5TMH:A,APH11527,92.930,877,32,26,858,1704,2527,3403,0.0,1598,95.21
5TMH:A,APH11580,93.166,878,33,22,1,851,2526,3403,0.0,1623,95.44
5TMH:A,APH11580,92.930,877,32,26,858,1704,2527,3403,0.0,1598,95.21
5TMH:A,APH11545,93.166,878,33,22,1,851,2526,3403,0.0,1623,95.44
5TMH:A,APH11545,92.930,877,32,26,858,1704,2527,3403,0.0,1598,95.21
5TMH:A,AMX81917,93.166,878,33,22,1,851,2526,3403,0.0,1623,95.56
5TMH:A,AMX81917,92.930,877,32,26,858,1704,2527,3403,0.0,1598,95.32
5TMH:A,ANQ92019,93.166,878,33,22,1,851,2526,3403,0.0,1623,95.56
5TMH:A,ANQ92019,92.930,877,32,26,858,1704,2527,3403,0.0,1598,95.32
5TMH:A,AMD61710,93.052,878,34,22,1,851,2526,3403,0.0,1623,95.44
5TMH:A,AMD61710,92.816,877,33,26,858,1704,2527,3403,0.0,1598,95.21
5TMH:A,AUI42194,93.052,878,34,22,1,851,2526,3403,0.0,1623,95.44
5TMH:A,AUI42194,92.816,877,33,26,858,1704,2527,3403,0.0,1598,95.21
5TMH:A,AMK49492,93.166,878,33,22,1,851,2526,3403,0.0,1623,95.44
5TMH:A,AMK49492,92.930,877,32,26,858,1704,2527,3403,0.0,1598,95.21
5TMH:A,AOG18296,93.052,878,34,22,1,851,2526,3403,0.0,1623,95.44
5TMH:A,AOG18296,92.816,877,33,26,858,1704,2527,3403,0.0,1598,95.21
5TMH:A,AMQ76465,93.166,878,33,22,1,851,2526,3403,0.0,1623,95.56
5TMH:A,AMQ76465,92.930,877,32,26,858,1704,2527,3403,0.0,1598,95.32
5TMH:A,AOO19564,93.052,878,34,22,1,851,2526,3403,0.0,1623,95.44
5TMH:A,AOO19564,92.816,877,33,26,858,1704,2527,3403,0.0,1598,95.21
5TMH:A,AOC50652,93.052,878,34,22,1,851,2526,3403,0.0,1623,95.44
5TMH:A,AOC50652,92.816,877,33,26,858,1704,2527,3403,0.0,1598,95.21
5TMH:A,APH11492,93.052,878,34,22,1,851,2526,3403,0.0,1623,95.44
5TMH:A,APH11492,92.816,877,33,26,858,1704,2527,3403,0.0,1597,95.21
5TMH:A,AML81028,93.052,878,34,22,1,851,2526,3403,0.0,1623,95.44
5TMH:A,AML81028,92.816,877,33,26,858,1704,2527,3403,0.0,1597,95.21
5TMH:A,AMU04506,93.052,878,34,22,1,851,2526,3403,0.0,1623,95.44
5TMH:A,AMU04506,92.816,877,33,26,858,1704,2527,3403,0.0,1597,95.21
5TMH:A,APH11518,93.052,878,34,22,1,851,2526,3403,0.0,1622,95.44
5TMH:A,APH11518,92.816,877,33,26,858,1704,2527,3403,0.0,1597,95.21
5TMH:A,ACD75819,93.052,878,34,22,1,851,2526,3403,0.0,1622,95.44
5TMH:A,ACD75819,92.816,877,33,26,858,1704,2527,3403,0.0,1597,95.21
5TMH:A,APY24198,92.938,878,35,22,1,851,2526,3403,0.0,1622,95.44
5TMH:A,APY24198,92.702,877,34,26,858,1704,2527,3403,0.0,1597,95.21
5TMH:A,BBC70847,93.052,878,34,22,1,851,2526,3403,0.0,1622,95.44
5TMH:A,BBC70847,92.816,877,33,26,858,1704,2527,3403,0.0,1597,95.21
5TMH:A,AMB18850,93.052,878,34,22,1,851,2526,3403,0.0,1622,95.44
5TMH:A,AMB18850,92.816,877,33,26,858,1704,2527,3403,0.0,1597,95.21
5TMH:A,AOI20067,93.052,878,34,22,1,851,2526,3403,0.0,1622,95.44
5TMH:A,AOI20067,92.816,877,33,26,858,1704,2527,3403,0.0,1597,95.21
5TMH:A,ALL27019,93.052,878,34,22,1,851,2528,3405,0.0,1622,95.44
5TMH:A,ALL27019,92.816,877,33,26,858,1704,2529,3405,0.0,1597,95.21
5TMH:A,ARU07074,93.052,878,34,22,1,851,2526,3403,0.0,1622,95.44
5TMH:A,ARU07074,92.816,877,33,26,858,1704,2527,3403,0.0,1597,95.21
5TMH:A,AOG18295,93.052,878,34,22,1,851,2526,3403,0.0,1622,95.44
5TMH:A,AOG18295,92.816,877,33,26,858,1704,2527,3403,0.0,1597,95.21
5TMH:A,ARB07962,93.052,878,34,22,1,851,2526,3403,0.0,1622,95.44
5TMH:A,ARB07962,92.816,877,33,26,858,1704,2527,3403,0.0,1597,95.21
5TMH:A,AMB37295,93.052,878,34,22,1,851,2526,3403,0.0,1622,95.44
5TMH:A,AMB37295,92.816,877,33,26,858,1704,2527,3403,0.0,1597,95.21
5TMH:A,AMA12085,93.052,878,34,22,1,851,2526,3403,0.0,1622,95.44
5TMH:A,AMA12085,92.816,877,33,26,858,1704,2527,3403,0.0,1597,95.21
5TMH:A,ARB07976,93.052,878,34,22,1,851,2526,3403,0.0,1622,95.44
5TMH:A,ARB07976,92.816,877,33,26,858,1704,2527,3403,0.0,1597,95.21
5TMH:A,ARU07076,93.052,878,34,22,1,851,2526,3403,0.0,1622,95.44
5TMH:A,ARU07076,92.816,877,33,26,858,1704,2527,3403,0.0,1597,95.21
5TMH:A,ALX35659,93.052,878,34,22,1,851,2526,3403,0.0,1622,95.44
5TMH:A,ALX35659,92.816,877,33,26,858,1704,2527,3403,0.0,1597,95.21
5TMH:A,AMH87239,93.052,878,34,22,1,851,2526,3403,0.0,1622,95.44
5TMH:A,AMH87239,92.816,877,33,26,858,1704,2527,3403,0.0,1597,95.21
5TMH:A,AOL02459,93.052,878,34,22,1,851,2526,3403,0.0,1622,95.44
5TMH:A,AOL02459,92.816,877,33,26,858,1704,2527,3403,0.0,1597,95.21
5TMH:A,APH11562,93.052,878,34,22,1,851,2526,3403,0.0,1622,95.33
5TMH:A,APH11562,92.816,877,33,26,858,1704,2527,3403,0.0,1597,95.10
5TMH:A,AOY08518,93.052,878,34,22,1,851,2526,3403,0.0,1622,95.44
5TMH:A,AOY08518,92.816,877,33,26,858,1704,2527,3403,0.0,1597,95.21
5TMH:A,AMX81919,93.052,878,34,22,1,851,2526,3403,0.0,1622,95.44
5TMH:A,AMX81919,92.816,877,33,26,858,1704,2527,3403,0.0,1597,95.21
5TMH:A,ANC90426,93.052,878,34,22,1,851,2526,3403,0.0,1622,95.44
5TMH:A,ANC90426,92.816,877,33,26,858,1704,2527,3403,0.0,1597,95.21
5TMH:A,AMQ48981,93.052,878,34,22,1,851,2526,3403,0.0,1622,95.44
5TMH:A,AMQ48981,92.816,877,33,26,858,1704,2527,3403,0.0,1597,95.21
5TMH:A,ALU33341,93.052,878,34,22,1,851,2526,3403,0.0,1622,95.44
5TMH:A,ALU33341,92.816,877,33,26,858,1704,2527,3403,0.0,1597,95.21
5TMH:A,AXF50016,93.052,878,34,22,1,851,2526,3403,0.0,1622,95.44
5TMH:A,AXF50016,92.816,877,33,26,858,1704,2527,3403,0.0,1597,95.21
5TMH:A,ASB32509,93.052,878,34,22,1,851,2526,3403,0.0,1622,95.44
5TMH:A,ASB32509,92.816,877,33,26,858,1704,2527,3403,0.0,1597,95.21
5TMH:A,AMK49165,93.052,878,34,22,1,851,2526,3403,0.0,1622,95.44
5TMH:A,AMK49165,92.816,877,33,26,858,1704,2527,3403,0.0,1597,95.21
5TMH:A,APY24199,93.052,878,34,22,1,851,2526,3403,0.0,1622,95.44
5TMH:A,APY24199,92.816,877,33,26,858,1704,2527,3403,0.0,1597,95.21
5TMH:A,AMA12086,93.052,878,34,22,1,851,2526,3403,0.0,1622,95.44
5TMH:A,AMA12086,92.816,877,33,26,858,1704,2527,3403,0.0,1597,95.21
5TMH:A,AMS00611,93.052,878,34,22,1,851,2526,3403,0.0,1622,95.44
5TMH:A,AMS00611,92.816,877,33,26,858,1704,2527,3403,0.0,1597,95.21
5TMH:A,AVV62004,93.052,878,34,22,1,851,2526,3403,0.0,1622,95.44
5TMH:A,AVV62004,92.816,877,33,26,858,1704,2527,3403,0.0,1597,95.21
5TMH:A,BAX00477,92.938,878,35,22,1,851,2526,3403,0.0,1622,95.44
5TMH:A,BAX00477,92.702,877,34,26,858,1704,2527,3403,0.0,1596,95.21
5TMH:A,AOY08538,92.938,878,35,22,1,851,2526,3403,0.0,1621,95.44
5TMH:A,AOY08538,92.702,877,34,26,858,1704,2527,3403,0.0,1596,95.21
5TMH:A,APH11610,93.052,878,34,22,1,851,2526,3403,0.0,1621,95.44
5TMH:A,APH11610,92.816,877,33,26,858,1704,2527,3403,0.0,1596,95.21
5TMH:A,AQS26816,93.052,878,34,22,1,851,2526,3403,0.0,1621,95.44
5TMH:A,AQS26816,92.816,877,33,26,858,1704,2527,3403,0.0,1596,95.21
5TMH:A,ANF04752,93.052,878,34,22,1,851,2526,3403,0.0,1621,95.44
5TMH:A,ANF04752,92.816,877,33,26,858,1704,2527,3403,0.0,1596,95.21
5TMH:A,AOR82893,93.052,878,34,22,1,851,2526,3403,0.0,1621,95.44
5TMH:A,AOR82893,92.816,877,33,26,858,1704,2527,3403,0.0,1596,95.21
5TMH:A,AVG19203,93.052,878,34,22,1,851,2526,3403,0.0,1621,95.33
5TMH:A,AVG19203,92.816,877,33,26,858,1704,2527,3403,0.0,1596,95.10
5TMH:A,AXF50014,93.052,878,34,22,1,851,2526,3403,0.0,1621,95.44
5TMH:A,AXF50014,92.816,877,33,26,858,1704,2527,3403,0.0,1596,95.21
5TMH:A,AMM43326,92.938,878,35,22,1,851,2526,3403,0.0,1621,95.44
5TMH:A,AMM43326,92.702,877,34,26,858,1704,2527,3403,0.0,1596,95.21
5TMH:A,APH11493,93.052,878,34,22,1,851,2526,3403,0.0,1621,95.33
5TMH:A,APH11493,92.816,877,33,26,858,1704,2527,3403,0.0,1596,95.10
5TMH:A,AOR82892,93.052,878,34,22,1,851,2526,3403,0.0,1621,95.44
5TMH:A,AOR82892,92.816,877,33,26,858,1704,2527,3403,0.0,1596,95.21
5TMH:A,ANH10698,93.052,878,34,22,1,851,2526,3403,0.0,1621,95.44
5TMH:A,ANH10698,92.816,877,33,26,858,1704,2527,3403,0.0,1596,95.21
5TMH:A,AXF50015,93.052,878,34,22,1,851,2526,3403,0.0,1621,95.44
5TMH:A,AXF50015,92.816,877,33,26,858,1704,2527,3403,0.0,1596,95.21
5TMH:A,ATB53752,93.052,878,34,22,1,851,2526,3403,0.0,1621,95.44
5TMH:A,ATB53752,92.816,877,33,26,858,1704,2527,3403,0.0,1596,95.21
5TMH:A,AOO54270,92.938,878,35,22,1,851,2526,3403,0.0,1621,95.33
5TMH:A,AOO54270,92.702,877,34,26,858,1704,2527,3403,0.0,1596,95.10
5TMH:A,ANC90425,92.938,878,35,22,1,851,2526,3403,0.0,1621,95.44
5TMH:A,ANC90425,92.702,877,34,26,858,1704,2527,3403,0.0,1596,95.21
5TMH:A,AMO03410,92.938,878,35,22,1,851,2526,3403,0.0,1621,95.44
5TMH:A,AMO03410,92.702,877,34,26,858,1704,2527,3403,0.0,1596,95.21
5TMH:A,ARB07996,93.052,878,34,22,1,851,2526,3403,0.0,1621,95.44
5TMH:A,ARB07996,92.816,877,33,26,858,1704,2527,3403,0.0,1596,95.21
5TMH:A,AWH65849,92.938,878,35,22,1,851,2526,3403,0.0,1621,95.33
5TMH:A,AWH65849,92.702,877,34,26,858,1704,2527,3403,0.0,1596,95.10
5TMH:A,AMM39806,92.938,878,35,22,1,851,2526,3403,0.0,1621,95.44
5TMH:A,AMM39806,92.702,877,34,26,858,1704,2527,3403,0.0,1596,95.21
5TMH:A,AOS90223,93.052,878,34,22,1,851,2526,3403,0.0,1621,95.44
5TMH:A,AOS90223,92.702,877,34,26,858,1704,2527,3403,0.0,1594,95.10
5TMH:A,ANK57897,92.938,878,35,22,1,851,2526,3403,0.0,1621,95.33
5TMH:A,ANK57897,92.702,877,34,26,858,1704,2527,3403,0.0,1596,95.10
5TMH:A,AMT75536,92.938,878,35,22,1,851,2526,3403,0.0,1621,95.44
5TMH:A,AMT75536,92.702,877,34,26,858,1704,2527,3403,0.0,1596,95.21
5TMH:A,AYI50274,92.938,878,35,22,1,851,2526,3403,0.0,1621,95.33
5TMH:A,AYI50274,92.702,877,34,26,858,1704,2527,3403,0.0,1596,95.10
5TMH:A,AMV49165,92.938,878,35,22,1,851,2526,3403,0.0,1621,95.44
5TMH:A,AMV49165,92.702,877,34,26,858,1704,2527,3403,0.0,1596,95.21
5TMH:A,ASU55409,92.938,878,35,22,1,851,2526,3403,0.0,1621,95.33
5TMH:A,ASU55409,92.702,877,34,26,858,1704,2527,3403,0.0,1596,95.10
5TMH:A,AND01116,92.938,878,35,22,1,851,2526,3403,0.0,1621,95.33
5TMH:A,AND01116,92.702,877,34,26,858,1704,2527,3403,0.0,1596,95.10
5TMH:A,ARB07981,93.052,878,34,22,1,851,2526,3403,0.0,1621,95.33
5TMH:A,ARB07981,92.816,877,33,26,858,1704,2527,3403,0.0,1596,95.10
5TMH:A,AMR39830,92.938,878,35,22,1,851,2526,3403,0.0,1621,95.44
5TMH:A,AMR39830,92.702,877,34,26,858,1704,2527,3403,0.0,1596,95.21
5TMH:A,ANH21697,92.938,878,35,22,1,851,2526,3403,0.0,1621,95.44
5TMH:A,ANH21697,92.702,877,34,26,858,1704,2527,3403,0.0,1596,95.21
5TMH:A,AMR68932,92.938,878,35,22,1,851,2526,3403,0.0,1621,95.44
5TMH:A,AMR68932,92.702,877,34,26,858,1704,2527,3403,0.0,1596,95.21
5TMH:A,AOR87336,93.052,878,34,22,1,851,2526,3403,0.0,1621,95.44
5TMH:A,AOR87336,92.816,877,33,26,858,1704,2527,3403,0.0,1596,95.21
5TMH:A,ANA12599,92.938,878,35,22,1,851,2526,3403,0.0,1621,95.44
5TMH:A,ANA12599,92.702,877,34,26,858,1704,2527,3403,0.0,1596,95.21
5TMH:A,AYI50388,92.938,878,35,22,1,851,2526,3403,0.0,1621,95.33
5TMH:A,AYI50388,92.702,877,34,26,858,1704,2527,3403,0.0,1596,95.10
5TMH:A,ANF16414,92.938,878,35,22,1,851,2526,3403,0.0,1621,95.44
5TMH:A,ANF16414,92.702,877,34,26,858,1704,2527,3403,0.0,1596,95.21
5TMH:A,ARU07075,93.052,878,34,22,1,851,2526,3403,0.0,1621,95.44
5TMH:A,ARU07075,92.816,877,33,26,858,1704,2527,3403,0.0,1596,95.21
5TMH:A,AOE22997,93.052,878,34,22,1,851,2526,3403,0.0,1620,95.44
5TMH:A,AOE22997,92.816,877,33,26,858,1704,2527,3403,0.0,1595,95.21
5TMH:A,AMM39804,92.938,878,35,22,1,851,2526,3403,0.0,1620,95.33
5TMH:A,AMM39804,92.702,877,34,26,858,1704,2527,3403,0.0,1595,95.10
5TMH:A,ASU55418,92.938,878,35,22,1,851,2526,3403,0.0,1620,95.33
5TMH:A,ASU55418,92.702,877,34,26,858,1704,2527,3403,0.0,1595,95.10
5TMH:A,AMR39831,92.938,878,35,22,1,851,2526,3403,0.0,1620,95.44
5TMH:A,AMR39831,92.702,877,34,26,858,1704,2527,3403,0.0,1595,95.21
5TMH:A,AMQ48982,92.938,878,35,22,1,851,2526,3403,0.0,1620,95.33
5TMH:A,AMQ48982,92.702,877,34,26,858,1704,2527,3403,0.0,1595,95.10
5TMH:A,ASU55420,92.938,878,35,22,1,851,2526,3403,0.0,1620,95.33
5TMH:A,ASU55420,92.702,877,34,26,858,1704,2527,3403,0.0,1595,95.10
5TMH:A,APR74597,92.938,878,35,22,1,851,2526,3403,0.0,1620,95.44
5TMH:A,APR74597,92.702,877,34,26,858,1704,2527,3403,0.0,1595,95.21
5TMH:A,APQ41784,92.938,878,35,22,1,851,2526,3403,0.0,1620,95.33
5TMH:A,APQ41784,92.702,877,34,26,858,1704,2527,3403,0.0,1595,95.10
5TMH:A,AMZ03556,92.938,878,35,22,1,851,2526,3403,0.0,1620,95.33
5TMH:A,AMZ03556,92.702,877,34,26,858,1704,2527,3403,0.0,1595,95.10
5TMH:A,AMK49164,93.052,878,34,22,1,851,2526,3403,0.0,1620,95.44
5TMH:A,AMK49164,92.816,877,33,26,858,1704,2527,3403,0.0,1595,95.21
5TMH:A,ANW07476,92.938,878,35,22,1,851,2526,3403,0.0,1620,95.33
5TMH:A,ANW07476,92.702,877,34,26,858,1704,2527,3403,0.0,1595,95.10
5TMH:A,ASU55390,92.938,878,35,22,1,851,2526,3403,0.0,1620,95.33
5TMH:A,ASU55390,92.702,877,34,26,858,1704,2527,3403,0.0,1595,95.10
5TMH:A,ARX97119,92.938,878,35,22,1,851,2526,3403,0.0,1620,95.44
5TMH:A,ARX97119,92.702,877,34,26,858,1704,2527,3403,0.0,1595,95.21
5TMH:A,ASU55407,92.938,878,35,22,1,851,2526,3403,0.0,1620,95.33
5TMH:A,ASU55407,92.702,877,34,26,858,1704,2527,3403,0.0,1595,95.10
5TMH:A,ASU55426,92.938,878,35,22,1,851,2526,3403,0.0,1620,95.33
5TMH:A,ASU55426,92.702,877,34,26,858,1704,2527,3403,0.0,1595,95.10
5TMH:A,AMX81918,92.938,878,35,22,1,851,2526,3403,0.0,1620,95.44
5TMH:A,AMX81918,92.702,877,34,26,858,1704,2527,3403,0.0,1595,95.21
5TMH:A,ART29823,93.052,878,34,22,1,851,2526,3403,0.0,1620,95.44
5TMH:A,ART29823,92.816,877,33,26,858,1704,2527,3403,0.0,1595,95.21
5TMH:A,AYI50273,92.938,878,35,22,1,851,2526,3403,0.0,1620,95.33
5TMH:A,AYI50273,92.702,877,34,26,858,1704,2527,3403,0.0,1595,95.10
5TMH:A,ASU55393,92.938,878,35,22,1,851,2526,3403,0.0,1620,95.33
5TMH:A,ASU55393,92.702,877,34,26,858,1704,2527,3403,0.0,1595,95.10
5TMH:A,ASU55403,92.938,878,35,22,1,851,2526,3403,0.0,1620,95.33
5TMH:A,ASU55403,92.702,877,34,26,858,1704,2527,3403,0.0,1595,95.10
5TMH:A,ASU55391,92.938,878,35,22,1,851,2526,3403,0.0,1620,95.33
5TMH:A,ASU55391,92.702,877,34,26,858,1704,2527,3403,0.0,1595,95.10
5TMH:A,AQX32986,92.938,878,35,22,1,851,2526,3403,0.0,1620,95.33
5TMH:A,AQX32986,92.702,877,34,26,858,1704,2527,3403,0.0,1595,95.10
5TMH:A,ASU55412,92.938,878,35,22,1,851,2526,3403,0.0,1620,95.33
5TMH:A,ASU55412,92.702,877,34,26,858,1704,2527,3403,0.0,1595,95.10
5TMH:A,ASU55424,92.938,878,35,22,1,851,2526,3403,0.0,1620,95.33
5TMH:A,ASU55424,92.702,877,34,26,858,1704,2527,3403,0.0,1595,95.10
5TMH:A,AOX49265,93.052,878,34,22,1,851,2526,3403,0.0,1620,95.44
5TMH:A,AOX49265,92.816,877,33,26,858,1704,2527,3403,0.0,1595,95.21
5TMH:A,ASU55419,92.938,878,35,22,1,851,2526,3403,0.0,1620,95.33
5TMH:A,ASU55419,92.702,877,34,26,858,1704,2527,3403,0.0,1595,95.10
5TMH:A,ASU55417,92.938,878,35,22,1,851,2526,3403,0.0,1620,95.33
5TMH:A,ASU55417,92.702,877,34,26,858,1704,2527,3403,0.0,1595,95.10
5TMH:A,ASU55421,92.938,878,35,22,1,851,2526,3403,0.0,1620,95.33
5TMH:A,ASU55421,92.702,877,34,26,858,1704,2527,3403,0.0,1595,95.10
5TMH:A,APQ41785,92.938,878,35,22,1,851,2526,3403,0.0,1620,95.33
5TMH:A,APQ41785,92.702,877,34,26,858,1704,2527,3403,0.0,1595,95.10
5TMH:A,APQ41786,92.938,878,35,22,1,851,2526,3403,0.0,1620,95.33
5TMH:A,APQ41786,92.702,877,34,26,858,1704,2527,3403,0.0,1595,95.10
5TMH:A,ASU55422,92.938,878,35,22,1,851,2526,3403,0.0,1620,95.33
5TMH:A,ASU55422,92.702,877,34,26,858,1704,2527,3403,0.0,1595,95.10
5TMH:A,AMC33116,92.938,878,35,22,1,851,2526,3403,0.0,1620,95.33
5TMH:A,AMC33116,92.702,877,34,26,858,1704,2527,3403,0.0,1595,95.10
5TMH:A,AQX32987,92.938,878,35,22,1,851,2526,3403,0.0,1620,95.33
5TMH:A,AQX32987,92.702,877,34,26,858,1704,2527,3403,0.0,1595,95.10
5TMH:A,ANC90428,92.938,878,35,22,1,851,2526,3403,0.0,1620,95.33
5TMH:A,ANC90428,92.702,877,34,26,858,1704,2527,3403,0.0,1595,95.10
5TMH:A,ASU55415,92.938,878,35,22,1,851,2526,3403,0.0,1620,95.33
5TMH:A,ASU55415,92.702,877,34,26,858,1704,2527,3403,0.0,1595,95.10
5TMH:A,AMZ03557,92.938,878,35,22,1,851,2526,3403,0.0,1620,95.33
5TMH:A,AMZ03557,92.702,877,34,26,858,1704,2527,3403,0.0,1595,95.10
5TMH:A,ASU55413,92.938,878,35,22,1,851,2526,3403,0.0,1620,95.33
5TMH:A,ASU55413,92.702,877,34,26,858,1704,2527,3403,0.0,1595,95.10
5TMH:A,ASU55410,92.938,878,35,22,1,851,2526,3403,0.0,1620,95.33
5TMH:A,ASU55410,92.702,877,34,26,858,1704,2527,3403,0.0,1595,95.10
5TMH:A,APH11495,93.052,878,34,22,1,851,2526,3403,0.0,1620,95.33
5TMH:A,APH11495,92.816,877,33,26,858,1704,2527,3403,0.0,1595,95.10
5TMH:A,ASU55395,92.938,878,35,22,1,851,2526,3403,0.0,1620,95.33
5TMH:A,ASU55395,92.702,877,34,26,858,1704,2527,3403,0.0,1595,95.10
5TMH:A,ASU55416,92.938,878,35,22,1,851,2526,3403,0.0,1620,95.33
5TMH:A,ASU55416,92.702,877,34,26,858,1704,2527,3403,0.0,1595,95.10
5TMH:A,AMQ48986,93.052,878,34,22,1,851,2526,3403,0.0,1620,95.44
5TMH:A,AMQ48986,92.816,877,33,26,858,1704,2527,3403,0.0,1595,95.21
5TMH:A,ANB66184,92.938,878,35,22,1,851,2526,3403,0.0,1620,95.33
5TMH:A,ANB66184,92.702,877,34,26,858,1704,2527,3403,0.0,1595,95.10
5TMH:A,BAV89190,92.938,878,35,22,1,851,2526,3403,0.0,1620,95.33
5TMH:A,BAV89190,92.702,877,34,26,858,1704,2527,3403,0.0,1595,95.10
5TMH:A,ARB07978,92.938,878,35,22,1,851,2526,3403,0.0,1620,95.33
5TMH:A,ARB07978,92.702,877,34,26,858,1704,2527,3403,0.0,1595,95.10
5TMH:A,ASU55396,92.938,878,35,22,1,851,2526,3403,0.0,1620,95.33
5TMH:A,ASU55396,92.702,877,34,26,858,1704,2527,3403,0.0,1595,95.10
5TMH:A,APY24200,92.938,878,35,22,1,851,2526,3403,0.0,1620,95.33
5TMH:A,APY24200,92.702,877,34,26,858,1704,2527,3403,0.0,1595,95.10
5TMH:A,APH11547,93.052,878,34,22,1,851,2526,3403,0.0,1620,95.33
5TMH:A,APH11547,92.816,877,33,26,858,1704,2527,3403,0.0,1595,95.10
5TMH:A,APW84877,93.052,878,34,22,1,851,2526,3403,0.0,1620,95.44
5TMH:A,APW84877,92.816,877,33,26,858,1704,2527,3403,0.0,1595,95.21
5TMH:A,APO39232,93.052,878,34,22,1,851,2526,3403,0.0,1620,95.44
5TMH:A,APO39232,92.702,877,34,26,858,1704,2527,3403,0.0,1593,95.10
5TMH:A,AOY08546,93.052,878,34,22,1,851,2526,3403,0.0,1620,95.44
5TMH:A,AOY08546,92.702,877,34,26,858,1704,2527,3403,0.0,1593,95.10
5TMH:A,AOO85388,93.052,878,34,22,1,851,2526,3403,0.0,1620,95.44
5TMH:A,AOO85388,92.702,877,34,26,858,1704,2527,3403,0.0,1593,95.10
5TMH:A,ART29826,93.052,878,34,22,1,851,2526,3403,0.0,1620,95.44
5TMH:A,ART29826,92.816,877,33,26,858,1704,2527,3403,0.0,1595,95.21
5TMH:A,AOX49264,93.052,878,34,22,1,851,2526,3403,0.0,1620,95.44
5TMH:A,AOX49264,92.816,877,33,26,858,1704,2527,3403,0.0,1595,95.21
5TMH:A,ANH22038,93.052,878,34,22,1,851,2526,3403,0.0,1620,95.44
5TMH:A,ANH22038,92.816,877,33,26,858,1704,2527,3403,0.0,1595,95.21
5TMH:A,AOY08542,92.938,878,35,22,1,851,2526,3403,0.0,1620,95.44
5TMH:A,AOY08542,92.702,877,34,26,858,1704,2527,3403,0.0,1595,95.21
5TMH:A,ASL68979,92.938,878,35,22,1,851,2526,3403,0.0,1620,95.33
5TMH:A,ASL68979,92.702,877,34,26,858,1704,2527,3403,0.0,1595,95.10
5TMH:A,ASU55402,92.938,878,35,22,1,851,2526,3403,0.0,1620,95.33
5TMH:A,ASU55402,92.702,877,34,26,858,1704,2527,3403,0.0,1594,95.10
5TMH:A,APW84876,93.052,878,34,22,1,851,2526,3403,0.0,1620,95.44
5TMH:A,APW84876,92.816,877,33,26,858,1704,2527,3403,0.0,1595,95.21
5TMH:A,ANB66182,92.938,878,35,22,1,851,2526,3403,0.0,1620,95.33
5TMH:A,ANB66182,92.702,877,34,26,858,1704,2527,3403,0.0,1594,95.10
5TMH:A,AOY08521,93.052,878,34,22,1,851,2526,3403,0.0,1620,95.44
5TMH:A,AOY08521,92.702,877,34,26,858,1704,2527,3403,0.0,1593,95.10
5TMH:A,AMN14619,93.052,878,34,22,1,851,2526,3403,0.0,1620,95.44
5TMH:A,AMN14619,92.816,877,33,26,858,1704,2527,3403,0.0,1595,95.21
5TMH:A,APB03019,92.938,878,35,22,1,851,2526,3403,0.0,1620,95.33
5TMH:A,APB03019,92.702,877,34,26,858,1704,2527,3403,0.0,1595,95.10
5TMH:A,AVZ25035,93.052,878,34,22,1,851,2526,3403,0.0,1620,95.44
5TMH:A,AVZ25035,92.816,877,33,26,858,1704,2527,3403,0.0,1595,95.21
5TMH:A,AOS90220,93.052,878,34,22,1,851,2526,3403,0.0,1620,95.44
5TMH:A,AOS90220,92.702,877,34,26,858,1704,2527,3403,0.0,1593,95.10
5TMH:A,AOY08537,93.052,878,34,22,1,851,2526,3403,0.0,1620,95.44
5TMH:A,AOY08537,92.816,877,33,26,858,1704,2527,3403,0.0,1595,95.21
5TMH:A,AOS90222,93.052,878,34,22,1,851,2526,3403,0.0,1620,95.44
5TMH:A,AOS90222,92.702,877,34,26,858,1704,2527,3403,0.0,1593,95.10
5TMH:A,AOS90221,93.052,878,34,22,1,851,2526,3403,0.0,1620,95.44
5TMH:A,AOS90221,92.702,877,34,26,858,1704,2527,3403,0.0,1593,95.10
5TMH:A,APW84875,93.052,878,34,22,1,851,2526,3403,0.0,1620,95.44
5TMH:A,APW84875,92.816,877,33,26,858,1704,2527,3403,0.0,1595,95.21
5TMH:A,APB03021,93.052,878,34,22,1,851,2526,3403,0.0,1620,95.44
5TMH:A,APB03021,92.702,877,34,26,858,1704,2527,3403,0.0,1593,95.10
5TMH:A,APO39228,93.052,878,34,22,1,851,2526,3403,0.0,1620,95.44
5TMH:A,APO39228,92.702,877,34,26,858,1704,2527,3403,0.0,1593,95.10
5TMH:A,ASU55397,92.938,878,35,22,1,851,2526,3403,0.0,1620,95.33
5TMH:A,ASU55397,92.702,877,34,26,858,1704,2527,3403,0.0,1595,95.10
5TMH:A,ARB07953,93.052,878,34,22,1,851,2526,3403,0.0,1620,95.44
5TMH:A,ARB07953,92.816,877,33,26,858,1704,2527,3403,0.0,1595,95.21
5TMH:A,AMA12084,92.938,878,35,22,1,851,2526,3403,0.0,1620,95.44
5TMH:A,AMA12084,92.702,877,34,26,858,1704,2527,3403,0.0,1595,95.21
5TMH:A,AOY08535,93.052,878,34,22,1,851,2526,3403,0.0,1620,95.44
5TMH:A,AOY08535,92.816,877,33,26,858,1704,2527,3403,0.0,1595,95.21
5TMH:A,APW84874,93.052,878,34,22,1,851,2526,3403,0.0,1620,95.44
5TMH:A,APW84874,92.816,877,33,26,858,1704,2527,3403,0.0,1595,95.21
5TMH:A,APO39237,93.052,878,34,22,1,851,2526,3403,0.0,1620,95.44
5TMH:A,APO39237,92.702,877,34,26,858,1704,2527,3403,0.0,1593,95.10
5TMH:A,ASU55411,92.938,878,35,22,1,851,2526,3403,0.0,1620,95.33
5TMH:A,ASU55411,92.702,877,34,26,858,1704,2527,3403,0.0,1595,95.10
5TMH:A,ASU55425,92.938,878,35,22,1,851,2526,3403,0.0,1620,95.33
5TMH:A,ASU55425,92.702,877,34,26,858,1704,2527,3403,0.0,1594,95.10
5TMH:A,AYI50390,92.938,878,35,22,1,851,2526,3403,0.0,1620,95.33
5TMH:A,AYI50390,92.702,877,34,26,858,1704,2527,3403,0.0,1595,95.10
5TMH:A,APW84873,93.052,878,34,22,1,851,2526,3403,0.0,1620,95.44
5TMH:A,APW84873,92.816,877,33,26,858,1704,2527,3403,0.0,1595,95.21
5TMH:A,ATG29307,92.938,878,35,22,1,851,2526,3403,0.0,1620,95.33
5TMH:A,ATG29307,92.702,877,34,26,858,1704,2527,3403,0.0,1595,95.10
5TMH:A,AOY08524,92.938,878,35,22,1,851,2526,3403,0.0,1620,95.33
5TMH:A,AOY08524,92.702,877,34,26,858,1704,2527,3403,0.0,1594,95.10
5TMH:A,AOO53981,93.052,878,34,22,1,851,2526,3403,0.0,1620,95.44
5TMH:A,AOO53981,92.702,877,34,26,858,1704,2527,3403,0.0,1593,95.10
5TMH:A,BAV82373,93.052,878,34,22,1,851,2526,3403,0.0,1620,95.44
5TMH:A,BAV82373,92.816,877,33,26,858,1704,2527,3403,0.0,1595,95.21
5TMH:A,ASU55406,92.938,878,35,22,1,851,2526,3403,0.0,1620,95.33
5TMH:A,ASU55406,92.702,877,34,26,858,1704,2527,3403,0.0,1595,95.10
5TMH:A,ART29825,93.052,878,34,22,1,851,2526,3403,0.0,1620,95.44
5TMH:A,ART29825,92.816,877,33,26,858,1704,2527,3403,0.0,1595,95.21
5TMH:A,APO39233,93.052,878,34,22,1,851,2526,3403,0.0,1620,95.44
5TMH:A,APO39233,92.702,877,34,26,858,1704,2527,3403,0.0,1593,95.10
5TMH:A,ARB07947,93.052,878,34,22,1,851,2526,3403,0.0,1620,95.44
5TMH:A,ARB07947,92.816,877,33,26,858,1704,2527,3403,0.0,1595,95.21
5TMH:A,APW84872,93.052,878,34,22,1,851,2526,3403,0.0,1620,95.44
5TMH:A,APW84872,92.816,877,33,26,858,1704,2527,3403,0.0,1595,95.21
5TMH:A,AOY08525,93.052,878,34,22,1,851,2526,3403,0.0,1620,95.56
5TMH:A,AOY08525,92.816,877,33,26,858,1704,2527,3403,0.0,1595,95.32
5TMH:A,AOS90224,93.052,878,34,22,1,851,2526,3403,0.0,1620,95.44
5TMH:A,AOS90224,92.816,877,33,26,858,1704,2527,3403,0.0,1595,95.21
5TMH:A,AMC13911,92.938,878,35,22,1,851,2526,3403,0.0,1620,95.33
5TMH:A,AMC13911,92.702,877,34,26,858,1704,2527,3403,0.0,1595,95.10
5TMH:A,APO39236,93.052,878,34,22,1,851,2526,3403,0.0,1620,95.44
5TMH:A,APO39236,92.702,877,34,26,858,1704,2527,3403,0.0,1593,95.10
5TMH:A,AMA12087,92.938,878,35,22,1,851,2526,3403,0.0,1620,95.44
5TMH:A,AMA12087,92.702,877,34,26,858,1704,2527,3403,0.0,1595,95.21
5TMH:A,AMN14620,93.052,878,34,22,1,851,2526,3403,0.0,1620,95.44
5TMH:A,AMN14620,92.816,877,33,26,858,1704,2527,3403,0.0,1595,95.21
5TMH:A,ASU55392,92.938,878,35,22,1,851,2526,3403,0.0,1620,95.33
5TMH:A,ASU55392,92.702,877,34,26,858,1704,2527,3403,0.0,1595,95.10
5TMH:A,ARM59239,92.938,878,35,22,1,851,2526,3403,0.0,1620,95.33
5TMH:A,ARM59239,92.702,877,34,26,858,1704,2527,3403,0.0,1595,95.10
5TMH:A,APB03020,93.052,878,34,22,1,851,2526,3403,0.0,1620,95.44
5TMH:A,APB03020,92.702,877,34,26,858,1704,2527,3403,0.0,1592,95.10
5TMH:A,APH11513,92.938,878,35,22,1,851,2526,3403,0.0,1620,95.33
5TMH:A,APH11513,92.702,877,34,26,858,1704,2527,3403,0.0,1595,95.10
5TMH:A,AOY08516,93.052,878,34,22,1,851,2526,3403,0.0,1620,95.44
5TMH:A,AOY08516,92.702,877,34,26,858,1704,2527,3403,0.0,1593,95.10
5TMH:A,APQ41782,92.938,878,35,22,1,851,2526,3403,0.0,1619,95.22
5TMH:A,APQ41782,92.702,877,34,26,858,1704,2527,3403,0.0,1594,94.98
5TMH:A,AOY08519,93.052,878,34,22,1,851,2526,3403,0.0,1619,95.44
5TMH:A,AOY08519,92.702,877,34,26,858,1704,2527,3403,0.0,1592,95.10
5TMH:A,AYI50389,92.938,878,35,22,1,851,2526,3403,0.0,1619,95.33
5TMH:A,AYI50389,92.702,877,34,26,858,1704,2527,3403,0.0,1594,95.10
5TMH:A,ASU55398,92.938,878,35,22,1,851,2526,3403,0.0,1619,95.33
5TMH:A,ASU55398,92.702,877,34,26,858,1704,2527,3403,0.0,1594,95.10
5TMH:A,ASU55423,92.938,878,35,22,1,851,2526,3403,0.0,1619,95.33
5TMH:A,ASU55423,92.702,877,34,26,858,1704,2527,3403,0.0,1594,95.10
5TMH:A,ATG29302,92.938,878,35,22,1,851,2526,3403,0.0,1619,95.22
5TMH:A,ATG29302,92.702,877,34,26,858,1704,2527,3403,0.0,1594,94.98
5TMH:A,ASU55401,92.938,878,35,22,1,851,2526,3403,0.0,1619,95.33
5TMH:A,ASU55401,92.702,877,34,26,858,1704,2527,3403,0.0,1594,95.10
5TMH:A,ATG29299,92.938,878,35,22,1,851,2526,3403,0.0,1619,95.33
5TMH:A,ATG29299,92.702,877,34,26,858,1704,2527,3403,0.0,1595,95.10
5TMH:A,ANB66183,92.938,878,35,22,1,851,2526,3403,0.0,1619,95.33
5TMH:A,ANB66183,92.702,877,34,26,858,1704,2527,3403,0.0,1594,95.10
5TMH:A,ATG29301,92.938,878,35,22,1,851,2526,3403,0.0,1619,95.33
5TMH:A,ATG29301,92.702,877,34,26,858,1704,2527,3403,0.0,1595,95.10
5TMH:A,ASU55414,92.938,878,35,22,1,851,2526,3403,0.0,1619,95.33
5TMH:A,ASU55414,92.702,877,34,26,858,1704,2527,3403,0.0,1594,95.10
5TMH:A,ASU55400,92.938,878,35,22,1,851,2526,3403,0.0,1619,95.33
5TMH:A,ASU55400,92.702,877,34,26,858,1704,2527,3403,0.0,1594,95.10
5TMH:A,AOC50654,92.938,878,35,22,1,851,2526,3403,0.0,1619,95.33
5TMH:A,AOC50654,92.702,877,34,26,858,1704,2527,3403,0.0,1595,95.10
5TMH:A,AUI42289,92.938,878,35,22,1,851,2526,3403,0.0,1619,95.33
5TMH:A,AUI42289,92.702,877,34,26,858,1704,2527,3403,0.0,1594,95.10
5TMH:A,AOY08536,92.938,878,35,22,1,851,2526,3403,0.0,1619,95.33
5TMH:A,AOY08536,92.702,877,34,26,858,1704,2527,3403,0.0,1595,95.10
5TMH:A,APQ41783,92.938,878,35,22,1,851,2526,3403,0.0,1619,95.33
5TMH:A,APQ41783,92.702,877,34,26,858,1704,2527,3403,0.0,1594,95.10
5TMH:A,ASU55405,92.938,878,35,22,1,851,2526,3403,0.0,1619,95.33
5TMH:A,ASU55405,92.702,877,34,26,858,1704,2527,3403,0.0,1594,95.10
5TMH:A,ASW34302,92.938,878,35,22,1,851,2526,3403,0.0,1619,95.33
5TMH:A,ASW34302,92.702,877,34,26,858,1704,2527,3403,0.0,1594,95.10
5TMH:A,ASK51714,93.052,878,34,22,1,851,2526,3403,0.0,1619,95.44
5TMH:A,ASK51714,92.816,877,33,26,858,1704,2527,3403,0.0,1594,95.21
5TMH:A,AWF93618,92.938,878,35,22,1,851,2526,3403,0.0,1619,95.33
5TMH:A,AWF93618,92.702,877,34,26,858,1704,2527,3403,0.0,1594,95.10
5TMH:A,ARU07183,92.938,878,35,22,1,851,2526,3403,0.0,1619,95.33
5TMH:A,ARU07183,92.702,877,34,26,858,1704,2527,3403,0.0,1594,95.10
5TMH:A,ANO46297,92.938,878,35,22,1,851,2526,3403,0.0,1619,95.33
5TMH:A,ANO46297,92.702,877,34,26,858,1704,2527,3403,0.0,1594,95.10
5TMH:A,APO08503,92.938,878,35,22,1,851,2526,3403,0.0,1619,95.33
5TMH:A,APO08503,92.702,877,34,26,858,1704,2527,3403,0.0,1594,95.10
5TMH:A,APO39243,92.938,878,35,22,1,851,2526,3403,0.0,1619,95.33
5TMH:A,APO39243,92.702,877,34,26,858,1704,2527,3403,0.0,1594,95.10
5TMH:A,AOY08533,92.938,878,35,22,1,851,2526,3403,0.0,1619,95.33
5TMH:A,AOY08533,92.702,877,34,26,858,1704,2527,3403,0.0,1594,95.10
5TMH:A,AQM74761,92.938,878,35,22,1,851,2526,3403,0.0,1619,95.33
5TMH:A,AQM74761,92.702,877,34,26,858,1704,2527,3403,0.0,1594,95.10
5TMH:A,ANO46298,92.938,878,35,22,1,851,2526,3403,0.0,1619,95.33
5TMH:A,ANO46298,92.702,877,34,26,858,1704,2527,3403,0.0,1594,95.10
5TMH:A,ATG29315,92.938,878,35,22,1,851,2526,3403,0.0,1619,95.33
5TMH:A,ATG29315,92.702,877,34,26,858,1704,2527,3403,0.0,1594,95.10
5TMH:A,ARB07960,92.938,878,35,22,1,851,2526,3403,0.0,1619,95.33
5TMH:A,ARB07960,92.702,877,34,26,858,1704,2527,3403,0.0,1594,95.10
5TMH:A,AWF93617,92.938,878,35,22,1,851,2526,3403,0.0,1619,95.33
5TMH:A,AWF93617,92.702,877,34,26,858,1704,2527,3403,0.0,1594,95.10
5TMH:A,ANG09399,92.938,878,35,22,1,851,2526,3403,0.0,1619,95.33
5TMH:A,ANG09399,92.702,877,34,26,858,1704,2527,3403,0.0,1594,95.10
5TMH:A,ATG29278,92.938,878,35,22,1,851,2526,3403,0.0,1619,95.33
5TMH:A,ATG29278,92.702,877,34,26,858,1704,2527,3403,0.0,1594,95.10
5TMH:A,ATI21641,92.938,878,35,22,1,851,2526,3403,0.0,1619,95.33
5TMH:A,ATI21641,92.702,877,34,26,858,1704,2527,3403,0.0,1594,95.10
5TMH:A,AQZ41956,92.938,878,35,22,1,851,2526,3403,0.0,1619,95.33
5TMH:A,AQZ41956,92.702,877,34,26,858,1704,2527,3403,0.0,1594,95.10
5TMH:A,ART29828,92.938,878,35,22,1,851,2526,3403,0.0,1619,95.33
5TMH:A,ART29828,92.702,877,34,26,858,1704,2527,3403,0.0,1594,95.10
5TMH:A,ATG29284,92.938,878,35,22,1,851,2526,3403,0.0,1619,95.33
5TMH:A,ATG29284,92.702,877,34,26,858,1704,2527,3403,0.0,1594,95.10
5TMH:A,ATG29306,92.938,878,35,22,1,851,2526,3403,0.0,1619,95.33
5TMH:A,ATG29306,92.702,877,34,26,858,1704,2527,3403,0.0,1594,95.10
5TMH:A,AQZ41953,92.938,878,35,22,1,851,2526,3403,0.0,1619,95.33
5TMH:A,AQZ41953,92.702,877,34,26,858,1704,2527,3403,0.0,1594,95.10
5TMH:A,APG56457,92.938,878,35,22,1,851,2526,3403,0.0,1619,95.33
5TMH:A,APG56457,92.702,877,34,26,858,1704,2527,3403,0.0,1593,95.10
5TMH:A,ATG29287,92.938,878,35,22,1,851,2526,3403,0.0,1619,95.33
5TMH:A,ATG29287,92.702,877,34,26,858,1704,2527,3403,0.0,1594,95.10
5TMH:A,AQZ41954,92.938,878,35,22,1,851,2526,3403,0.0,1619,95.33
5TMH:A,AQZ41954,92.702,877,34,26,858,1704,2527,3403,0.0,1594,95.10
5TMH:A,ATG29276,92.938,878,35,22,1,851,2526,3403,0.0,1619,95.33
5TMH:A,ATG29276,92.702,877,34,26,858,1704,2527,3403,0.0,1594,95.10
5TMH:A,ASU55408,92.938,878,35,22,1,851,2526,3403,0.0,1619,95.33
5TMH:A,ASU55408,92.702,877,34,26,858,1704,2527,3403,0.0,1594,95.10
5TMH:A,AQX32985,92.938,878,35,22,1,851,2526,3403,0.0,1619,95.33
5TMH:A,AQX32985,92.702,877,34,26,858,1704,2527,3403,0.0,1594,95.10
5TMH:A,APO39229,92.938,878,35,22,1,851,2526,3403,0.0,1619,95.33
5TMH:A,APO39229,92.702,877,34,26,858,1704,2527,3403,0.0,1594,95.10
5TMH:A,AVZ25033,92.938,878,35,22,1,851,2526,3403,0.0,1619,95.33
5TMH:A,AVZ25033,92.702,877,34,26,858,1704,2527,3403,0.0,1594,95.10
5TMH:A,ASL68973,92.938,878,35,22,1,851,2526,3403,0.0,1619,95.33
5TMH:A,ASL68973,92.702,877,34,26,858,1704,2527,3403,0.0,1594,95.10
5TMH:A,ARI68105,92.938,878,35,22,1,851,2526,3403,0.0,1618,95.33
5TMH:A,ARI68105,92.702,877,34,26,858,1704,2527,3403,0.0,1593,95.10
5TMH:A,AMC13912,92.825,878,36,22,1,851,2526,3403,0.0,1618,95.33
5TMH:A,AMC13912,92.588,877,35,26,858,1704,2527,3403,0.0,1593,95.10
5TMH:A,BBA85762,92.938,878,35,22,1,851,2526,3403,0.0,1618,95.44
5TMH:A,BBA85762,92.702,877,34,26,858,1704,2527,3403,0.0,1593,95.21
5TMH:A,ATG29303,92.938,878,35,22,1,851,2526,3403,0.0,1618,95.33
5TMH:A,ATG29303,92.588,877,35,26,858,1704,2527,3403,0.0,1592,94.98
5TMH:A,AWF93619,92.938,878,35,22,1,851,2526,3403,0.0,1618,95.33
5TMH:A,AWF93619,92.702,877,34,26,858,1704,2527,3403,0.0,1594,95.10
5TMH:A,ATG29285,92.938,878,35,22,1,851,2526,3403,0.0,1618,95.33
5TMH:A,ATG29285,92.702,877,34,26,858,1704,2527,3403,0.0,1593,95.10
5TMH:A,AOW32303,92.938,878,35,22,1,851,2526,3403,0.0,1618,95.33
5TMH:A,AOW32303,92.702,877,34,26,858,1704,2527,3403,0.0,1594,95.10
5TMH:A,AQW43708,92.938,878,35,22,1,851,2526,3403,0.0,1618,95.33
5TMH:A,AQW43708,92.702,877,34,26,858,1704,2527,3403,0.0,1594,95.10
5TMH:A,AMC13913,92.825,878,36,22,1,851,2526,3403,0.0,1618,95.33
5TMH:A,AMC13913,92.588,877,35,26,858,1704,2527,3403,0.0,1593,95.10
5TMH:A,ASU55505,92.938,878,35,22,1,851,2526,3403,0.0,1618,95.33
5TMH:A,ASU55505,92.702,877,34,26,858,1704,2527,3403,0.0,1593,95.10
5TMH:A,AUD54964,92.938,878,35,22,1,851,2526,3403,0.0,1618,95.22
5TMH:A,AUD54964,92.702,877,34,26,858,1704,2527,3403,0.0,1593,94.98
5TMH:A,ATG29292,92.938,878,35,22,1,851,2526,3403,0.0,1618,95.33
5TMH:A,ATG29292,92.702,877,34,26,858,1704,2527,3403,0.0,1593,95.10
5TMH:A,APB03017,92.938,878,35,22,1,851,2526,3403,0.0,1618,95.33
5TMH:A,APB03017,92.702,877,34,26,858,1704,2527,3403,0.0,1593,95.10
5TMH:A,AOY08523,92.938,878,35,22,1,851,2526,3403,0.0,1618,95.44
5TMH:A,AOY08523,92.702,877,34,26,858,1704,2527,3403,0.0,1593,95.21
5TMH:A,ATG29295,92.938,878,35,22,1,851,2526,3403,0.0,1618,95.33
5TMH:A,ATG29295,92.702,877,34,26,858,1704,2527,3403,0.0,1593,95.10
5TMH:A,ARB07930,92.938,878,35,22,1,851,2526,3403,0.0,1618,95.33
5TMH:A,ARB07930,92.702,877,34,26,858,1704,2527,3403,0.0,1593,95.10
5TMH:A,ATG29291,92.938,878,35,22,1,851,2526,3403,0.0,1618,95.33
5TMH:A,ATG29291,92.702,877,34,26,858,1704,2527,3403,0.0,1593,95.10
5TMH:A,AQM74762,92.938,878,35,22,1,851,2526,3403,0.0,1618,95.22
5TMH:A,AQM74762,92.702,877,34,26,858,1704,2527,3403,0.0,1593,94.98
5TMH:A,ARB07935,92.938,878,35,22,1,851,2526,3403,0.0,1618,95.44
5TMH:A,ARB07935,92.702,877,34,26,858,1704,2527,3403,0.0,1593,95.21
5TMH:A,ARB07938,92.938,878,35,22,1,851,2526,3403,0.0,1618,95.33
5TMH:A,ARB07938,92.702,877,34,26,858,1704,2527,3403,0.0,1593,95.10
5TMH:A,AOY08540,92.938,878,35,22,1,851,2526,3403,0.0,1618,95.33
5TMH:A,AOY08540,92.702,877,34,26,858,1704,2527,3403,0.0,1593,95.10
5TMH:A,AOY08531,92.938,878,35,22,1,851,2526,3403,0.0,1618,95.33
5TMH:A,AOY08531,92.702,877,34,26,858,1704,2527,3403,0.0,1593,95.10
5TMH:A,ASW34087,92.938,878,35,22,1,851,2526,3403,0.0,1618,95.44
5TMH:A,ASW34087,92.702,877,34,26,858,1704,2527,3403,0.0,1593,95.21
5TMH:A,AQZ41950,92.825,878,36,22,1,851,2526,3403,0.0,1618,95.33
5TMH:A,AQZ41950,92.588,877,35,26,858,1704,2527,3403,0.0,1593,95.10
5TMH:A,ARB07932,92.938,878,35,22,1,851,2526,3403,0.0,1618,95.44
5TMH:A,ARB07932,92.702,877,34,26,858,1704,2527,3403,0.0,1593,95.21
5TMH:A,AQZ41948,92.825,878,36,22,1,851,2526,3403,0.0,1618,95.33
5TMH:A,AQZ41948,92.588,877,35,26,858,1704,2527,3403,0.0,1593,95.10
5TMH:A,AQZ41947,92.825,878,36,22,1,851,2526,3403,0.0,1618,95.33
5TMH:A,AQZ41947,92.588,877,35,26,858,1704,2527,3403,0.0,1593,95.10
5TMH:A,ASL68978,92.825,878,36,22,1,851,2526,3403,0.0,1618,95.33
5TMH:A,ASL68978,92.588,877,35,26,858,1704,2527,3403,0.0,1593,95.10
5TMH:A,AQZ41951,92.825,878,36,22,1,851,2526,3403,0.0,1618,95.33
5TMH:A,AQZ41951,92.588,877,35,26,858,1704,2527,3403,0.0,1593,95.10
5TMH:A,AOY08539,92.938,878,35,22,1,851,2526,3403,0.0,1618,95.44
5TMH:A,AOY08539,92.702,877,34,26,858,1704,2527,3403,0.0,1593,95.21
5TMH:A,AQU12485,92.938,878,35,22,1,851,2526,3403,0.0,1618,95.33
5TMH:A,AQU12485,92.702,877,34,26,858,1704,2527,3403,0.0,1593,95.10
5TMH:A,ATG29270,92.938,878,35,22,1,851,2526,3403,0.0,1617,95.33
5TMH:A,ATG29270,92.702,877,34,26,858,1704,2527,3403,0.0,1592,95.10
5TMH:A,ARB07965,92.938,878,35,22,1,851,2526,3403,0.0,1617,95.33
5TMH:A,ARB07965,92.588,877,35,26,858,1704,2527,3403,0.0,1590,94.98
5TMH:A,AQZ41955,92.825,878,36,22,1,851,2526,3403,0.0,1617,95.22
5TMH:A,AQZ41955,92.588,877,35,26,858,1704,2527,3403,0.0,1592,94.98
5TMH:A,AQZ41952,92.825,878,36,22,1,851,2526,3403,0.0,1617,95.22
5TMH:A,AQZ41952,92.588,877,35,26,858,1704,2527,3403,0.0,1592,94.98
5TMH:A,ATG29280,92.938,878,35,22,1,851,2526,3403,0.0,1617,95.33
5TMH:A,ATG29280,92.702,877,34,26,858,1704,2527,3403,0.0,1592,95.10
5TMH:A,AQX32988,92.938,878,35,22,1,851,2526,3403,0.0,1617,95.33
5TMH:A,AQX32988,92.702,877,34,26,858,1704,2527,3403,0.0,1592,95.10
5TMH:A,AQZ41949,92.825,878,36,22,1,851,2526,3403,0.0,1617,95.22
5TMH:A,AQZ41949,92.588,877,35,26,858,1704,2527,3403,0.0,1592,94.98
5TMH:A,ASL68974,92.938,878,35,22,1,851,2526,3403,0.0,1617,95.33
5TMH:A,ASL68974,92.702,877,34,26,858,1704,2527,3403,0.0,1592,95.10
5TMH:A,APC60215,92.825,878,36,22,1,851,2526,3403,0.0,1616,95.22
5TMH:A,APC60215,92.702,877,34,26,858,1704,2527,3403,0.0,1595,95.21
5TMH:A,ARB07954,92.825,878,36,22,1,851,2526,3403,0.0,1616,95.22
5TMH:A,ARB07954,92.588,877,35,26,858,1704,2527,3403,0.0,1591,94.98
5TMH:A,AOY08526,92.938,878,35,22,1,851,2526,3403,0.0,1616,95.33
5TMH:A,AOY08526,92.702,877,34,26,858,1704,2527,3403,0.0,1591,95.10
5TMH:A,ARB07964,92.825,878,36,22,1,851,2526,3403,0.0,1616,95.22
5TMH:A,ARB07964,92.588,877,35,26,858,1704,2527,3403,0.0,1591,94.98
5TMH:A,APC60216,92.825,878,36,22,1,851,2526,3403,0.0,1614,95.22
5TMH:A,APC60216,92.702,877,34,26,858,1704,2527,3403,0.0,1593,95.21
5TMH:A,ATG29297,92.255,878,41,22,1,851,2526,3403,0.0,1603,94.65
5TMH:A,ATG29297,92.018,877,40,26,858,1704,2527,3403,0.0,1578,94.41
5TMH:A,APH11611,92.898,873,35,22,6,851,2531,3403,0.0,1590,95.42
5TMH:A,APH11611,92.669,873,34,26,862,1704,2531,3403,0.0,1566,95.19
5TMH:A,ARB07927,92.440,873,39,22,6,851,2531,3403,0.0,1589,94.96
5TMH:A,ARB07927,92.211,873,38,26,862,1704,2531,3403,0.0,1565,94.73
5TMH:A,AQS26800,92.784,873,36,21,6,851,2531,3403,0.0,1589,95.19
5TMH:A,AQS26800,92.554,873,35,25,862,1704,2531,3403,0.0,1565,94.96
5TMH:A,AMR39834,92.989,870,35,21,6,849,2531,3400,0.0,1589,95.52
5TMH:A,AMR39834,92.759,870,34,25,862,1702,2531,3400,0.0,1566,95.29
5TMH:A,AWH65848,92.989,870,35,21,6,849,2531,3400,0.0,1589,95.52
5TMH:A,AWH65848,92.759,870,34,25,862,1702,2531,3400,0.0,1566,95.29
5TMH:A,AFD30972,92.989,870,35,21,6,849,2531,3400,0.0,1588,95.52
5TMH:A,AFD30972,92.759,870,34,25,862,1702,2531,3400,0.0,1565,95.29
5TMH:A,ATG29267,92.898,873,35,22,6,851,2531,3403,0.0,1588,95.42
5TMH:A,ATG29267,92.669,873,34,26,862,1704,2531,3403,0.0,1565,95.19
5TMH:A,APO36913,92.989,870,35,21,6,849,2531,3400,0.0,1588,95.52
5TMH:A,APO36913,92.759,870,34,25,862,1702,2531,3400,0.0,1565,95.29
5TMH:A,AUI42330,92.784,873,36,22,6,851,2524,3396,0.0,1588,95.42
5TMH:A,AUI42330,92.554,873,35,26,862,1704,2524,3396,0.0,1564,95.19
5TMH:A,AUI42329,92.784,873,36,22,6,851,2531,3403,0.0,1587,95.42
5TMH:A,AUI42329,92.554,873,35,26,862,1704,2531,3403,0.0,1564,95.19
5TMH:A,AOY08528,92.989,870,35,21,6,849,2531,3400,0.0,1587,95.52
5TMH:A,AOY08528,92.759,870,34,25,862,1702,2531,3400,0.0,1564,95.29
5TMH:A,AMD16557,92.898,873,35,22,6,851,2531,3403,0.0,1587,95.30
5TMH:A,AMD16557,92.669,873,34,26,862,1704,2531,3403,0.0,1564,95.07
5TMH:A,ASU55404,92.784,873,36,22,6,851,2531,3403,0.0,1587,95.30
5TMH:A,ASU55404,92.554,873,35,26,862,1704,2531,3403,0.0,1563,95.07
5TMH:A,AMM43325,92.784,873,36,22,6,851,2531,3403,0.0,1587,95.30
5TMH:A,AMM43325,92.554,873,35,26,862,1704,2531,3403,0.0,1564,95.07
5TMH:A,AYI50275,92.784,873,36,22,6,851,2531,3403,0.0,1587,95.19
5TMH:A,AYI50275,92.554,873,35,26,862,1704,2531,3403,0.0,1563,94.96
5TMH:A,APB03018,92.784,873,36,22,6,851,2531,3403,0.0,1587,95.30
5TMH:A,APB03018,92.554,873,35,26,862,1704,2531,3403,0.0,1563,95.07
5TMH:A,ASU55399,92.784,873,36,22,6,851,2531,3403,0.0,1587,95.19
5TMH:A,ASU55399,92.554,873,35,26,862,1704,2531,3403,0.0,1563,94.96
5TMH:A,AQS26814,92.784,873,36,22,6,851,2531,3403,0.0,1586,95.30
5TMH:A,AQS26814,92.554,873,35,26,862,1704,2531,3403,0.0,1563,95.07
5TMH:A,AQS26808,92.784,873,36,22,6,851,2531,3403,0.0,1586,95.30
5TMH:A,AQS26808,92.554,873,35,26,862,1704,2531,3403,0.0,1563,95.07
5TMH:A,ARO84674,92.784,873,36,22,6,851,2531,3403,0.0,1585,95.30
5TMH:A,ARO84674,92.554,873,35,26,862,1704,2531,3403,0.0,1562,95.07
5TMH:A,ARK18853,92.784,873,36,22,6,851,2531,3403,0.0,1585,95.30
5TMH:A,ARK18853,92.554,873,35,26,862,1704,2531,3403,0.0,1562,95.07
5TMH:A,AOY08517,92.784,873,36,22,6,851,2531,3403,0.0,1585,95.30
5TMH:A,AOY08517,92.554,873,35,26,862,1704,2531,3403,0.0,1561,95.07
5TMH:A,AOY08541,92.784,873,36,22,6,851,2531,3403,0.0,1585,95.30
5TMH:A,AOY08541,92.554,873,35,26,862,1704,2531,3403,0.0,1561,95.07
5TMH:A,ASU55394,92.784,873,36,22,6,851,2531,3403,0.0,1585,95.19
5TMH:A,ASU55394,92.554,873,35,26,862,1704,2531,3403,0.0,1562,94.96
5TMH:A,AQX32984,92.784,873,36,22,6,851,2531,3403,0.0,1585,95.30
5TMH:A,AQX32984,92.554,873,35,26,862,1704,2531,3403,0.0,1562,95.07
5TMH:A,ARB07991,92.669,873,37,22,6,851,2531,3403,0.0,1585,95.19
5TMH:A,ARB07991,92.440,873,36,26,862,1704,2531,3403,0.0,1561,94.96
5TMH:A,ANS60026,92.784,873,36,22,6,851,2531,3403,0.0,1585,95.19
5TMH:A,ANS60026,92.554,873,35,26,862,1704,2531,3403,0.0,1561,94.96
5TMH:A,ARB07939,92.784,873,36,22,6,851,2531,3403,0.0,1585,95.30
5TMH:A,ARB07939,92.554,873,35,26,862,1704,2531,3403,0.0,1561,95.07
5TMH:A,AQW43707,92.784,873,36,22,6,851,2531,3403,0.0,1585,95.19
5TMH:A,AQW43707,92.554,873,35,26,862,1704,2531,3403,0.0,1561,94.96
5TMH:A,ARB07987,92.874,870,36,21,6,849,2531,3400,0.0,1584,95.40
5TMH:A,ARB07987,92.644,870,35,25,862,1702,2531,3400,0.0,1561,95.17
5TMH:A,ARB07988,92.784,873,36,22,6,851,2531,3403,0.0,1583,95.30
5TMH:A,ARB07988,92.554,873,35,26,862,1704,2531,3403,0.0,1560,95.07
5TMH:A,APH11520,92.669,873,37,22,6,851,2531,3403,0.0,1583,94.96
5TMH:A,APH11520,92.440,873,36,26,862,1704,2531,3403,0.0,1560,94.73
5TMH:A,AQS26806,92.669,873,37,22,6,851,2531,3403,0.0,1583,95.19
5TMH:A,AQS26806,92.440,873,36,26,862,1704,2531,3403,0.0,1560,94.96
5TMH:A,AMQ34003,92.669,873,37,22,6,851,2531,3403,0.0,1582,95.07
5TMH:A,AMQ34003,92.440,873,36,26,862,1704,2531,3403,0.0,1559,94.85
5TMH:A,AMQ34004,92.669,873,37,22,6,851,2531,3403,0.0,1582,95.07
5TMH:A,AMQ34004,92.440,873,36,26,862,1704,2531,3403,0.0,1559,94.85
5TMH:A,ATG29273,92.669,873,37,22,6,851,2531,3403,0.0,1582,95.19
5TMH:A,ATG29273,92.440,873,36,26,862,1704,2531,3403,0.0,1558,94.96
5TMH:A,ARB07957,92.669,873,37,22,6,851,2531,3403,0.0,1581,95.07
5TMH:A,ARB07957,92.325,873,37,26,862,1704,2531,3403,0.0,1556,94.73
5TMH:A,AOY08527,92.669,873,37,22,6,851,2531,3403,0.0,1581,95.07
5TMH:A,AOY08527,92.554,873,35,26,862,1704,2531,3403,0.0,1561,94.96
5TMH:A,AMK79469,92.440,873,39,22,6,851,2531,3403,0.0,1576,94.85
5TMH:A,AMK79469,92.211,873,38,26,862,1704,2531,3403,0.0,1553,94.62
5TMH:A,APH11519,92.325,873,40,22,6,851,2531,3403,0.0,1576,94.62
5TMH:A,APH11519,92.096,873,39,26,862,1704,2531,3403,0.0,1553,94.39
5TMH:A,APH11588,92.211,873,41,22,6,851,2531,3403,0.0,1571,94.39
5TMH:A,APH11588,91.982,873,40,26,862,1704,2531,3403,0.0,1547,94.16
5TMH:A,ARB07971,90.433,878,57,22,1,851,2526,3403,0.0,1564,92.60
5TMH:A,ARB07971,90.080,877,57,26,858,1704,2527,3403,0.0,1537,92.25
5TMH:A,APO39240,91.753,873,45,22,6,851,2531,3403,0.0,1561,94.16
5TMH:A,APO39240,91.409,873,45,26,862,1704,2531,3403,0.0,1535,93.81
5TMH:A,APO39231,91.638,873,46,22,6,851,2531,3403,0.0,1558,94.04
5TMH:A,APO39231,91.294,873,46,26,862,1704,2531,3403,0.0,1533,93.70
5TMH:A,AXY03803,91.065,873,51,22,6,851,2531,3403,0.0,1553,93.59
5TMH:A,AXY03803,90.836,873,50,26,862,1704,2531,3403,0.0,1530,93.36
5TMH:A,ARB07931,91.523,873,47,22,6,851,2531,3403,0.0,1553,93.81
5TMH:A,ARB07931,91.294,873,46,26,862,1704,2531,3403,0.0,1529,93.59
5TMH:A,ARB07977,89.977,878,61,22,1,851,2526,3403,0.0,1552,92.03
5TMH:A,ARB07977,89.738,877,60,26,858,1704,2527,3403,0.0,1527,91.79
5TMH:A,AQS26828,91.409,873,48,22,6,851,2531,3403,0.0,1551,93.81
5TMH:A,AQS26828,91.180,873,47,26,862,1704,2531,3403,0.0,1528,93.59
5TMH:A,AVZ25032,91.180,873,50,22,6,851,2531,3403,0.0,1548,93.70
5TMH:A,AVZ25032,90.951,873,49,26,862,1704,2531,3403,0.0,1525,93.47
5TMH:A,APO39241,89.462,873,65,22,6,851,2531,3403,0.0,1526,91.87
5TMH:A,APO39241,89.118,873,65,26,862,1704,2531,3403,0.0,1500,91.52
5TMH:A,AYI50392,89.805,873,34,23,6,851,2531,3375,0.0,1514,91.98
5TMH:A,AYI50392,89.576,873,33,27,862,1704,2531,3375,0.0,1491,91.75
5TMH:A,ARB07941,88.155,878,77,22,1,851,2526,3403,0.0,1509,89.98
5TMH:A,ARB07941,88.027,877,75,26,858,1704,2527,3403,0.0,1487,89.85
5TMH:A,ARB07945,87.699,878,81,22,1,851,2526,3403,0.0,1498,89.52
5TMH:A,ARB07945,87.229,877,82,26,858,1704,2527,3403,0.0,1468,89.05
5TMH:A,ARB07968,87.130,878,86,22,1,851,2526,3403,0.0,1486,88.95
5TMH:A,ARB07968,86.887,877,85,26,858,1704,2527,3403,0.0,1462,88.60
5TMH:A,ARB07974,86.369,873,92,22,6,851,2531,3403,0.0,1448,88.66
5TMH:A,ARB07974,86.140,873,91,26,862,1704,2531,3403,0.0,1425,88.43
5TMH:A,AOY08522,92.006,713,32,20,164,851,2691,3403,0.0,1300,94.67
5TMH:A,AOY08522,92.006,713,31,22,1018,1704,2691,3403,0.0,1290,94.67
5TMH:A,AOY08522,98.876,89,1,0,6,94,2531,2619,1.36e-47,185,100.00
5TMH:A,AOY08522,96.629,89,1,2,862,948,2531,2619,1.62e-43,172,97.75
5TMH:A,AQS26822,93.294,686,29,14,6,674,2531,3216,0.0,1250,95.77
5TMH:A,AQS26822,93.149,686,28,16,862,1528,2531,3216,0.0,1238,95.63
5TMH:A,AQS26822,90.741,108,3,6,751,851,3296,3403,1.54e-49,191,93.52
5TMH:A,AQS26822,90.741,108,3,7,1604,1704,3296,3403,2.27e-48,187,93.52
5TMH:A,ARB07926,78.873,710,125,20,167,851,2694,3403,0.0,1063,81.27
5TMH:A,ARB07926,78.873,710,124,22,1021,1704,2694,3403,0.0,1054,81.27
5TMH:A,ARB07926,98.889,90,1,0,6,95,2531,2620,4.54e-48,187,100.00
5TMH:A,ARB07926,96.667,90,1,2,862,949,2531,2620,5.42e-44,173,97.78
5TMH:A,ARB07936,85.089,617,71,16,256,851,2787,3403,0.0,1017,87.52
5TMH:A,ARB07936,84.765,617,72,19,1110,1704,2787,3403,0.0,999,87.20
5TMH:A,ARB07936,97.753,89,2,0,6,94,2531,2619,8.20e-47,182,100.00
5TMH:A,ARB07936,95.506,89,2,2,862,948,2531,2619,9.77e-43,169,97.75
5TMH:A,AOY08534,90.000,530,38,12,1018,1532,2691,3220,0.0,939,92.45
5TMH:A,AOY08534,89.811,530,39,12,164,678,2691,3220,0.0,938,92.26
5TMH:A,AOY08534,91.071,112,3,6,747,851,3292,3403,5.04e-52,200,93.75
5TMH:A,AOY08534,91.071,112,3,7,1600,1704,3292,3403,7.57e-51,196,93.75
5TMH:A,AOY08534,98.889,90,1,0,6,95,2531,2620,4.17e-48,187,100.00
5TMH:A,AOY08534,96.667,90,1,2,862,949,2531,2620,4.98e-44,173,97.78


